Rank,Game,Hours_watched,Hours_Streamed,Peak_viewers,Peak_channels,Streamers,Avg_viewers,Avg_channels,Avg_viewer_ratio,date,year,month,Avg_players,Gain_players,Peak_players,avg_peak_perc_players
4,Counter-Strike: Global Offensive,66797699,1511619,828949,4667,197089,89902,2034,44.19,2016-01-01,2020,March,671033.29,127054.13,1145972,58.5558%
6,Grand Theft Auto V,56174067,1056098,184708,3278,110705,75604,1421,53.19,2016-01-01,2020,March,116386.37,-26338.11,209493,55.5562%
7,Dota 2,41849138,544228,164524,1490,35212,56324,732,76.9,2016-01-01,2020,March,437147.36,31168.71,743933,58.7617%
16,Path of Exile,13926308,292398,117037,3236,17070,18743,393,47.63,2016-01-01,2020,March,42332.85,24751.19,132508,31.9474%
17,PLAYERUNKNOWN'S BATTLEGROUNDS,13775512,623229,72358,1359,57987,18540,838,22.1,2016-01-01,2020,March,228467.17,-29117.16,562028,40.6505%
19,Tom Clancy's Rainbow Six Siege,13071194,1143568,69354,3068,152219,17592,1539,11.43,2016-01-01,2020,March,119877.88,22210.54,198567,60.3715%
20,Dead by Daylight,11911331,596711,50220,1458,55228,16031,803,19.96,2016-01-01,2020,March,30347.14,6925.91,51146,59.3343%
22,Rocket League,10498059,422375,189258,1518,83660,14129,568,24.85,2016-01-01,2020,March,48445.13,7852.98,119124,40.6678%
23,DOOM Eternal,10275689,332177,140962,4196,48508,13829,447,30.93,2016-01-01,2020,March,31279.17,-2985.68,84865,36.8576%
26,Destiny 2,9267132,619405,85865,2334,50146,12472,833,14.96,2016-01-01,2020,March,77571.4,14522.77,117425,66.0604%
27,RimWorld,6548503,61694,40076,153,4834,8813,83,106.14,2016-01-01,2020,March,26111.78,10674.82,41637,62.7129%
30,Rust,4988329,163575,24070,494,16495,6713,220,30.5,2016-01-01,2020,March,58442.03,8366.82,102296,57.1303%
32,Half-Life: Alyx,4770477,60071,303620,2399,11019,6420,80,79.41,2016-01-01,2020,March,7585.02,-745.6944444444445,16459,46.0843%
36,Ori and the Will of the Wisps,4166360,142104,68414,1502,18078,5607,191,29.32,2016-01-01,2020,March,8324.39,-695.8366666666667,31224,26.6602%
39,Age of Empires II: Definitive Edition,3744552,32795,54835,135,3459,5039,44,114.18,2016-01-01,2020,March,13365.76,2213.73,30989,43.1307%
41,NBA 2K20,3731517,332195,40615,1159,44954,5022,447,11.23,2016-01-01,2020,March,20442.64,258.77,33858,60.3776%
42,Black Desert Online,3578533,176093,13271,359,11948,4816,237,20.32,2016-01-01,2020,March,24060.37,9027.52,37034,64.9683%
46,ARK: Survival Evolved,3024507,225503,23061,625,16504,4070,303,13.41,2016-01-01,2020,March,87738.7,34344.52,157355,55.7584%
47,Monster Hunter: World,2987052,231102,22233,764,21266,4020,311,12.93,2016-01-01,2020,March,78026.05,-28785.88,219544,35.5401%
50,SMITE,2859327,131331,12149,378,14324,3848,176,21.77,2016-01-01,2020,March,12686.08,2096.09,25334,50.0753%
54,World of Warships,2333880,61758,11615,160,4587,3141,83,37.79,2016-01-01,2020,March,10651.79,183.58,19402,54.9005%
56,The Elder Scrolls Online,2102807,71605,25190,200,6076,2830,96,29.37,2016-01-01,2020,March,14755.91,-982.79,25432,58.021%
59,FINAL FANTASY XIV Online,1913929,240505,11083,1144,16591,2575,323,7.96,2016-01-01,2020,March,14297.16,1241.48,23360,61.2036%
61,MapleStory,1884405,65391,20913,172,4217,2536,88,28.82,2016-01-01,2020,March,1140.76,334.36,2545,44.8236%
70,VRChat,1622188,66846,51406,223,6981,2183,89,24.27,2016-01-01,2020,March,9466.15,1486.45,14931,63.3993%
73,F1 2019,1508101,25448,181862,197,7070,2029,34,59.26,2016-01-01,2020,March,4421.41,2958.5,12736,34.7158%
82,The Witcher 3: Wild Hunt,1320731,86371,17963,270,12105,1777,116,15.29,2016-01-01,2020,March,21457.11,-6289.73,49787,43.0978%
85,Black Mesa,1186651,22545,35028,96,3762,1597,30,52.63,2016-01-01,2020,March,2768.8,2131.67,7116,38.9095%
86,Resident Evil 2,1179402,81124,20170,307,14722,1587,109,14.54,2016-01-01,2020,March,2518.13,-91.42,5432,46.3573%
87,DayZ,1174659,95072,9120,273,9339,1580,127,12.36,2016-01-01,2020,March,15527.42,-2211.59,27255,56.9709%
90,Mortal Kombat 11,1090406,41163,44425,262,7703,1467,55,26.49,2016-01-01,2020,March,1998.61,-6.37,5016,39.8447%
91,Slay the Spire,1084648,22361,36941,205,3804,1459,30,48.51,2016-01-01,2020,March,7990.12,-1524.92,10626,75.1941%
92,Hunt: Showdown,1078524,94781,8066,338,9326,1451,127,11.38,2016-01-01,2020,March,6019.75,532.01,12856,46.8244%
93,Stardew Valley,1066389,96548,13850,256,15192,1435,129,11.05,2016-01-01,2020,March,27388.06,3690.9,45512,60.1777%
95,Football Manager 2020,1048300,28962,16549,118,2748,1410,38,36.2,2016-01-01,2020,March,76022.26,28470.63,189230,40.1745%
96,Borderlands 3,1045528,120569,10733,597,16216,1407,162,8.67,2016-01-01,2020,March,53124.97,-4953.831111111111,93597,56.7593%
97,Warframe,1011639,105581,52982,349,10856,1361,142,9.58,2016-01-01,2020,March,52827.37,11892.49,88215,59.8848%
98,Street Fighter V,1002428,32354,29213,94,3860,1349,43,30.98,2016-01-01,2020,March,1663.67,-661.12,2485,66.9485%
105,DOOM,924047,65634,19331,332,14243,1243,88,14.08,2016-01-01,2020,March,5246.29,2421.31,12893,40.691%
108,Knight Online,915978,13069,6808,51,781,1232,17,70.09,2016-01-01,2020,March,1674.56,375.44,3532,47.4111%
110,Motorsport Manager,878718,2338,32394,19,318,1182,3,375.84,2016-01-01,2020,March,1021.55,465.25,2381,42.9042%
124,Yu-Gi-Oh! Duel Links,769014,14198,10051,49,1660,1035,19,54.16,2016-01-01,2020,March,7169.37,1362.25,11218,63.9095%
129,7 Days to Die,729236,80171,12573,230,7206,981,107,9.1,2016-01-01,2020,March,18107.24,1155.18,35936,50.3875%
130,The Forest,728395,66124,15368,243,12900,980,88,11.02,2016-01-01,2020,March,9235.19,2510.04,27977,33.0099%
131,Farming Simulator 19,726147,72793,7387,270,7167,977,97,9.98,2016-01-01,2020,March,14142.42,2251.59,33967,41.6358%
135,eFootball PES 2020,714366,24876,18115,96,3770,961,33,28.72,2016-01-01,2020,March,10646.73,2016.08,20951,50.8173%
136,Golf It!,695277,4817,28907,39,1843,935,6,144.34,2016-01-01,2020,March,554.68,166.45,1834,30.2443%
137,Garry's Mod,693888,32044,49885,139,8136,933,43,21.65,2016-01-01,2020,March,32020.84,7215.81,61933,51.7024%
138,Wolcen: Lords of Mayhem,684919,43457,18049,240,4534,921,58,15.76,2016-01-01,2020,March,11559.97,-20186.51,49571,23.32%
139,The Elder Scrolls V: Skyrim,680547,73779,7523,205,9824,915,99,9.22,2016-01-01,2020,March,8551.21,842.99,16711,51.1711%
141,For Honor,661629,42448,10770,137,6985,890,57,15.59,2016-01-01,2020,March,3986.98,274.93,7217,55.2443%
142,Conan Exiles,652610,44145,3875,123,3098,878,59,14.78,2016-01-01,2020,March,9493.65,99.71,15605,60.8372%
145,Don't Starve Together,634990,32792,4946,118,4908,854,44,19.36,2016-02-01,2020,March,15659.07,1312.63,30474,51.385%
146,Paladins,629885,76204,9600,237,13239,847,102,8.27,2016-02-01,2020,March,13920.79,976.01,25560,54.4632%
150,Euro Truck Simulator 2,608468,92264,6022,374,11763,818,124,6.59,2016-02-01,2020,March,20550.79,1775.4,52047,39.4851%
153,Europa Universalis IV,576643,12202,4208,52,1144,776,16,47.26,2016-02-01,2020,March,16190.96,1318.68,29916,54.1214%
155,State of Decay 2,564213,30477,18262,150,4395,759,41,18.51,2016-02-01,2020,March,7998.47,-674.0655555555555,15759,50.7549%
156,Stellaris,562399,20133,21339,146,2395,756,27,27.93,2016-02-01,2020,March,22285.79,12653.12,64120,34.7564%
157,Gears 5,560321,36712,15312,152,4770,754,49,15.26,2016-02-01,2020,March,247.68,-57.51,477,51.9245%
158,Metin2,543103,19326,4691,92,1753,730,26,28.1,2016-02-01,2020,March,1062.18,534.14,3121,34.0333%
160,FTL: Faster Than Light,538419,6403,18568,174,1076,724,8,84.09,2016-02-01,2020,March,1229.95,-41.82,2190,56.1621%
162,Grand Theft Auto: San Andreas,525047,24743,6222,89,4640,706,33,21.22,2016-02-01,2020,March,1339.07,109.71,2462,54.3895%
164,Hollow Knight,513075,38399,12231,112,5450,690,51,13.36,2016-02-01,2020,March,3972.28,-69.39,5911,67.2015%
165,Terraria,512677,51247,19929,156,8647,690,68,10.0,2016-02-01,2020,March,30993.52,3182.51,48542,63.8489%
169,Cities: Skylines,487936,21190,30123,109,3938,656,28,23.03,2016-02-01,2020,March,17008.95,4781.64,56061,30.3401%
171,Dota Underlords,484057,17501,10135,56,2372,651,23,27.66,2016-02-01,2020,March,14225.19,3626.76,29166,48.7732%
173,Half-Life 2,475945,11281,12877,45,2437,640,15,42.19,2016-02-01,2020,March,2400.3,779.63,6882,34.8779%
182,Friday the 13th: The Game,445025,22023,31228,278,5309,598,29,20.21,2016-02-01,2020,March,795.04,418.4,2722,29.2079%
184,Beat Saber,436507,42125,30631,126,10113,587,56,10.36,2016-02-01,2020,March,1634.69,-4.12,3018,54.1647%
186,Sid Meier's Civilization VI,425484,16225,8378,70,2507,572,21,26.22,2016-02-01,2020,March,35834.93,5763.98,66455,53.9236%
190,Hearts of Iron IV,413997,12619,3322,53,1753,557,16,32.81,2016-02-01,2020,March,21697.36,1648.9,42745,50.76%
192,Raft,410500,22396,17658,78,4479,552,30,18.33,2016-02-01,2020,March,4300.35,-423.51,8907,48.2806%
195,Call of Duty: Black Ops III,392481,76848,8268,289,15032,528,103,5.11,2016-02-01,2020,March,2353.41,468.04,4763,49.4102%
197,Danganronpa 2: Goodbye Despair,384870,3959,14278,18,349,517,5,97.21,2016-02-01,2020,March,505.09,94.46,879,57.4619%
199,War Thunder,371775,47610,4432,141,5701,500,64,7.81,2016-02-01,2020,March,20321.06,5402.72,35377,57.4414%
5,Counter-Strike: Global Offensive,86673161,1981314,535624,5542,215744,120546,2755,43.75,2016-02-01,2020,April,857604.22,186570.94,1305714,65.6809%
7,Grand Theft Auto V,75744434,1450376,240860,4233,122286,105346,2017,52.22,2016-02-01,2020,April,126086.73,9700.36,243284,51.827%
8,Dota 2,54477072,673933,360147,1747,34147,75767,937,80.83,2016-02-01,2020,April,493300.27,56152.91,801121,61.5763%
19,Resident Evil 3,15506656,415801,318002,5619,51549,21566,578,37.29,2016-02-01,2020,April,5771.4,-606.56,32635,17.6847%
22,Mount & Blade II: Bannerlord,13446480,218393,132049,1010,17732,18701,303,61.57,2016-02-01,2020,April,113492.99,113492.74,248034,45.757%
23,Dead by Daylight,12971551,673816,68689,1790,55513,18041,937,19.25,2016-02-01,2020,April,32392.67,2045.52,58477,55.3939%
24,PLAYERUNKNOWN'S BATTLEGROUNDS,11950808,619812,71953,1371,45116,16621,862,19.28,2016-02-01,2020,April,242847.28,14380.11,913075,26.5966%
25,Tom Clancy's Rainbow Six Siege,11393509,1293668,42454,3131,136957,15846,1799,8.81,2016-02-01,2020,April,108514.57,-11363.31,194102,55.906%
26,Path of Exile,9404140,239978,26884,598,10489,13079,333,39.19,2016-02-01,2020,April,39235.06,-3097.79,73985,53.0311%
27,Rocket League,8220061,525512,141539,1322,87995,11432,730,15.64,2016-02-01,2020,April,54133.15,5688.02,100771,53.719%
29,Last Oasis,7336458,137112,89047,736,6704,10203,190,53.51,2016-02-01,2020,April,14852.31,-1557.79,33104,44.8656%
31,Destiny 2,7197240,578827,58881,1881,40966,10010,805,12.43,2016-02-01,2020,April,66219.64,-11351.75,100645,65.7953%
34,NBA 2K20,6390045,565452,36322,1619,54702,8887,786,11.3,2016-02-01,2020,April,18067.17,-2375.46,37175,48.6003%
42,SMITE,4071594,172933,22708,459,14382,5662,240,23.54,2016-02-01,2020,April,16504.68,3818.6,27089,60.9276%
43,The Elder Scrolls Online,3847242,116136,39160,298,8874,5350,161,33.13,2016-02-01,2020,April,28467.65,13711.74,49061,58.025%
45,Rust,3742896,190069,40997,742,15530,5205,264,19.69,2016-02-01,2020,April,67504.05,9062.03,125415,53.8245%
46,Black Desert Online,3735559,172106,9591,352,9179,5195,239,21.7,2016-02-01,2020,April,23192.8,-867.57,30086,77.0883%
47,VRChat,3722313,84386,70578,228,7629,5177,117,44.11,2016-02-01,2020,April,11728.97,2262.82,16404,71.5007%
48,Fallout 76,3501875,145699,37793,900,11277,4870,202,24.03,2016-02-01,2020,April,15807.5,-1095.39375,21931,72.0783%
51,World of Warships,3185105,74954,29665,232,4595,4429,104,42.49,2016-02-01,2020,April,10529.03,-122.76,22687,46.41%
53,F1 2019,3077000,45836,210442,253,9038,4279,63,67.13,2016-02-01,2020,April,5293.7,872.29,12370,42.7947%
59,Monster Hunter: World,2563293,219139,13238,648,17431,3565,304,11.7,2016-02-01,2020,April,64197.78,-13828.27,149860,42.8385%
64,DOOM Eternal,2197924,149598,37518,697,22026,3056,208,14.69,2016-02-01,2020,April,7587.19,-23691.98,19915,38.0979%
69,FINAL FANTASY XIV Online,2022378,239858,32256,1062,15829,2812,333,8.43,2016-02-01,2020,April,17084.35,2787.19,26373,64.7797%
70,Age of Empires II: Definitive Edition,2015537,41554,15293,119,3460,2803,57,48.5,2016-02-01,2020,April,19202.51,5836.75,34321,55.9497%
71,MapleStory,1940693,65153,25285,188,3794,2699,90,29.79,2016-02-01,2020,April,2190.18,1049.42,3949,55.4616%
72,Green Hell,1915955,59825,59600,249,7153,2664,83,32.03,2016-02-01,2020,April,6227.79,5804.94,19619,31.7437%
77,ARK: Survival Evolved,1700365,213767,12957,509,13087,2364,297,7.95,2016-02-01,2020,April,82091.26,-5647.44,125636,65.3406%
78,Street Fighter V,1694848,35491,25065,91,3210,2357,49,47.75,2016-02-01,2020,April,1665.71,2.04,2534,65.7344%
81,RimWorld,1596864,44179,17115,118,3189,2220,61,36.15,2016-02-01,2020,April,17571.78,-8540.01,25649,68.5086%
83,The Witcher 3: Wild Hunt,1576551,101232,14775,274,10820,2192,140,15.57,2016-02-01,2020,April,27245.33,5788.21,61236,44.4923%
86,Football Manager 2020,1491443,36131,22571,127,2567,2074,50,41.28,2016-02-01,2020,April,81180.41,5158.15,146436,55.4375%
89,Deadside,1382600,62758,34454,433,6331,1922,87,22.03,2016-02-01,2020,April,5374.76,-568.57875,9573,56.145%
94,Garry's Mod,1297086,43250,88164,151,8643,1804,60,29.99,2016-02-01,2020,April,38758.97,6738.13,59682,64.9425%
96,DayZ,1276640,118617,4917,307,9306,1775,164,10.76,2016-02-01,2020,April,17504.27,1976.85,28096,62.3016%
97,Subnautica,1261735,58423,45117,171,7364,1754,81,21.6,2016-02-01,2020,April,4754.26,1262.7,8482,56.0512%
100,Borderlands 3,1235001,123238,9192,334,13395,1717,171,10.02,2016-02-01,2020,April,22173.78,-30951.19,49479,44.8145%
104,Risk of Rain 2,1175237,74482,43879,324,12193,1634,103,15.78,2016-02-01,2020,April,18430.64,13077.21,64501,28.5742%
105,Knight Online,1172073,19457,5635,68,945,1630,27,60.24,2016-02-01,2020,April,2763.9,1089.34,3735,74%
106,Warframe,1152123,128456,34756,290,10063,1602,178,8.97,2016-02-01,2020,April,56318.77,3491.4,94162,59.8105%
107,The Elder Scrolls V: Skyrim,1145029,99901,8724,245,10447,1592,138,11.46,2016-02-01,2020,April,10033.35,1482.14,15975,62.8066%
110,Don't Starve Together,1119371,43086,17788,125,5066,1556,59,25.98,2016-02-01,2020,April,17576.51,1917.44,45509,38.6221%
112,Slay the Spire,1080714,19854,8685,99,2877,1503,27,54.43,2016-02-01,2020,April,7088.58,-901.54,14267,49.6851%
113,Metin2,1077906,29231,4934,93,2314,1499,40,36.88,2016-02-01,2020,April,2110.15,1047.97,3515,60.0327%
117,Euro Truck Simulator 2,1029087,133837,30827,516,13334,1431,186,7.69,2016-02-01,2020,April,28667.3,8116.51,60883,47.0859%
119,Hunt: Showdown,991408,90979,19184,253,6825,1378,126,10.9,2016-02-01,2020,April,5892.6,-127.15,12472,47.2466%
125,Motorsport Manager,889460,6162,31849,40,603,1237,8,144.35,2016-02-01,2020,April,2004.58,983.03,4943,40.5539%
130,Call of Duty: Black Ops III,833063,139200,28947,381,18425,1158,193,5.98,2016-02-01,2020,April,3212.01,858.6,5445,58.9901%
132,Sid Meier's Civilization VI,822831,23914,30435,109,2695,1144,33,34.41,2016-02-01,2020,April,43558.23,7723.3,70298,61.9623%
135,Farming Simulator 19,781464,86557,11905,297,6640,1086,120,9.03,2016-02-01,2020,April,17385.85,3243.43,34342,50.6256%
137,7 Days to Die,759550,85636,10050,221,6446,1056,119,8.87,2016-02-01,2020,April,18270.02,162.78,29749,61.4139%
139,Yu-Gi-Oh! Duel Links,732594,16865,19131,50,1647,1018,23,43.44,2016-02-01,2020,April,7894.83,725.46,10980,71.9019%
140,Resident Evil 2,726706,98288,9132,363,15308,1010,136,7.39,2016-02-01,2020,April,3662.67,1144.54,7418,49.3754%
142,Paladins,688283,112680,5049,308,15732,957,156,6.11,2016-03-01,2020,April,16994.88,3074.08,28658,59.3024%
150,Grand Theft Auto: San Andreas,634782,34819,5240,98,4891,882,48,18.23,2016-03-01,2020,April,1460.93,121.86,2347,62.2467%
155,Cities: Skylines,609188,28418,27378,99,3786,847,39,21.44,2016-03-01,2020,April,20066.5,3057.55,41674,48.1511%
156,Mortal Kombat 11,608975,41760,8257,107,5571,846,58,14.58,2016-03-01,2020,April,1720.45,-278.16,3639,47.2781%
157,Beat Saber,608942,53353,48872,147,9698,846,74,11.41,2016-03-01,2020,April,1776.6,141.91,2830,62.7774%
159,Terraria,594608,90553,32292,234,10920,826,125,6.57,2016-03-01,2020,April,51315.09,20321.57,72280,70.9949%
160,Stardew Valley,594118,83374,6551,198,11201,826,115,7.13,2016-03-01,2020,April,29951.17,2563.11,44965,66.61%
163,Albion Online,590191,38029,4211,100,2442,820,52,15.52,2016-03-01,2020,April,6974.26,2220.75,10616,65.6957%
168,Gears 5,570857,62120,5776,210,5809,793,86,9.19,2016-03-01,2020,April,1050.39,802.71,5659,18.5614%
169,Deceit,566465,24550,44946,94,6969,787,34,23.07,2016-03-01,2020,April,3818.75,1216.36,6434,59.3527%
174,Arma 3,559209,75247,14639,365,6013,777,104,7.43,2016-03-01,2020,April,20266.15,5050.62,40307,50.2795%
176,NBA 2K19,557930,17865,1826,56,2151,775,24,31.23,2016-03-01,2020,April,2602.76,-567.11,7959,32.7021%
177,Europa Universalis IV,548749,14576,3391,51,1088,763,20,37.65,2016-03-01,2020,April,16665.22,474.26,26508,62.8686%
181,The Forest,526826,79777,15326,229,12076,732,110,6.6,2016-03-01,2020,April,7586.4,-1648.79,16351,46.3972%
187,The Isle,500219,16751,11947,55,1192,695,23,29.86,2016-03-01,2020,April,4440.43,417.55,6412,69.2519%
189,Half-Life: Alyx,491862,27024,23027,160,5320,684,37,18.2,2016-03-01,2020,April,2171.26,-5413.76,6344,34.2254%
191,Ori and the Will of the Wisps,482683,39712,34927,150,5660,671,55,12.15,2016-03-01,2020,April,2108.31,-6216.09,7822,26.9536%
192,State of Decay 2,473014,20298,10855,61,2452,657,28,23.3,2016-03-01,2020,April,3505.22,-4493.25,9183,38.1708%
193,Conqueror's Blade,468444,24029,20366,89,1596,651,33,19.49,2016-03-01,2020,April,3471.62,3153.28,10247,33.8794%
195,Brawlhalla,461782,77102,13675,218,14859,642,107,5.99,2016-03-01,2020,April,17215.27,2144.2,26948,63.8833%
197,Tabletop Simulator,460466,19026,47256,94,3879,640,26,24.2,2016-03-01,2020,April,12993.71,7752.87,36793,35.3157%
198,Stranded Deep,454174,18584,21820,139,2664,631,25,24.44,2016-03-01,2020,April,682.36,170.04,1718,39.7183%
5,Grand Theft Auto V,100049997,2101914,373709,5847,197660,134656,2828,47.6,2016-03-01,2020,May,141369.88,15283.15,260562,54.2558%
7,Counter-Strike: Global Offensive,76786808,1783788,380494,4853,187999,103346,2400,43.05,2016-03-01,2020,May,768795.25,-88808.97,1193359,64.4228%
8,Dota 2,51023847,717401,199291,1758,33057,68672,965,71.12,2016-03-01,2020,May,484189.02,-9111.25,793135,61.0475%
17,Dead by Daylight,16391093,823254,128138,2183,62995,22060,1108,19.91,2016-03-01,2020,May,33732.64,1339.98,57799,58.362%
19,PLAYERUNKNOWN'S BATTLEGROUNDS,14217448,594699,72660,1220,40736,19135,800,23.91,2016-03-01,2020,May,243258.78,411.51,553121,43.9793%
22,Terraria,13299419,387419,125768,4989,39524,17899,521,34.33,2016-03-01,2020,May,129808.62,78493.53,486918,26.6592%
23,Tom Clancy's Rainbow Six Siege,11483497,1338101,106988,2972,139671,15455,1800,8.58,2016-03-01,2020,May,80099.3,-28415.26,146359,54.728%
27,NBA 2K20,8638002,706043,61229,1868,62943,11625,950,12.23,2016-03-01,2020,May,17462.46,-604.71,29072,60.0662%
32,Rocket League,6958942,535445,92615,1202,87250,9366,720,13.0,2016-03-01,2020,May,45615.55,-8517.6,79770,57.1838%
33,Destiny 2,6878581,549016,33126,1490,37636,9257,738,12.53,2016-03-01,2020,May,51837.42,-14382.23,76476,67.7826%
37,Path of Exile,5447251,134392,20628,386,6467,7331,180,40.53,2016-03-01,2020,May,18854.3,-20380.76,39620,47.5878%
39,The Elder Scrolls Online,5051253,112316,48995,329,7674,6798,151,44.97,2016-03-01,2020,May,23395.42,-5072.23,42677,54.8197%
43,SMITE,4679979,186584,32960,491,15103,6298,251,25.08,2016-03-01,2020,May,15307.69,-1196.99,25467,60.1079%
49,Rust,3982745,198542,40436,755,15413,5360,267,20.06,2016-03-01,2020,May,57344.65,-10159.4,102051,56.1921%
50,Black Desert Online,3792743,181453,38909,362,8699,5104,244,20.9,2016-03-01,2020,May,19943.3,-3249.5,25391,78.5448%
57,F1 2019,3049972,54564,150704,282,10710,4104,73,55.9,2016-03-01,2020,May,4438.52,-855.18,10993,40.3759%
58,World of Warships,3032785,81788,15875,238,4789,4081,110,37.08,2016-03-01,2020,May,9667.88,-861.15,17708,54.5961%
60,Age of Empires II: Definitive Edition,2885600,45127,29594,118,3623,3883,60,63.94,2016-03-01,2020,May,17628.12,-1574.4,33160,53.1608%
61,Monster Hunter: World,2794831,196237,34107,556,15953,3761,264,14.24,2016-03-01,2020,May,43703.71,-20494.08,106972,40.8553%
63,Scrap Mechanic,2519411,65680,114076,329,6519,3390,88,38.36,2016-03-01,2020,May,14762.87,13272.59,46366,31.8399%
64,VRChat,2485936,89038,22944,243,7914,3345,119,27.92,2016-03-01,2020,May,11776.19,47.21,17025,69.17%
67,MapleStory,2402346,73873,16661,181,3964,3233,99,32.52,2016-03-01,2020,May,2910.55,720.37,3942,73.8343%
68,Fallout 76,2369923,149568,22899,499,10289,3189,201,15.85,2016-03-01,2020,May,14475.32,-1332.18,32858,44.0542%
72,FINAL FANTASY XIV Online,2281787,278327,11933,1059,16916,3071,374,8.2,2016-03-01,2020,May,18015.75,931.4,26889,67.0004%
76,Mortal Kombat 11,2206652,77215,93972,825,9449,2969,103,28.58,2016-03-01,2020,May,2643.95,923.5,8681,30.4567%
84,ARK: Survival Evolved,1994504,203722,20631,505,11787,2684,274,9.79,2016-03-01,2020,May,60918.07,-21173.18,101631,59.9404%
87,DayZ,1911441,150150,12341,448,12404,2572,202,12.73,2016-03-01,2020,May,16328.97,-1175.31,35397,46.1309%
88,Mount & Blade II: Bannerlord,1876556,49439,19770,186,4545,2525,66,37.96,2016-03-01,2020,May,31529.86,-81963.14,77878,40.4862%
89,Sid Meier's Civilization VI,1826947,83399,21934,540,12427,2458,112,21.91,2016-03-01,2020,May,41792.36,-1765.87,76439,54.6741%
95,Monster Train,1653841,16829,35351,109,1978,2225,22,98.27,2016-03-01,2020,May,10398.29,-1337.62,14037,74.0777%
97,Street Fighter V,1513065,41270,8417,110,3458,2036,55,36.66,2016-03-01,2020,May,1708.08,42.37,2578,66.256%
104,Football Manager 2020,1339023,38555,25275,136,2501,1802,51,34.73,2016-03-01,2020,May,69159.33,-12021.08,123114,56.175%
105,Warframe,1328803,136208,38800,389,9830,1788,183,9.76,2016-03-01,2020,May,49687.06,-6631.71,76165,65.2361%
106,Euro Truck Simulator 2,1314740,110073,34580,459,11921,1769,148,11.94,2016-03-01,2020,May,21015.77,-7651.53,43097,48.7639%
109,Fallout 4,1292261,57019,19332,132,5134,1739,76,22.66,2016-03-01,2020,May,15136.06,-850.47,23912,63.299%
111,The Witcher 3: Wild Hunt,1264793,110808,9998,301,11517,1702,149,11.41,2016-03-01,2020,May,21434.48,-5810.85,41736,51.3573%
114,Last Oasis,1180995,44382,8458,154,2059,1589,59,26.61,2016-03-01,2020,May,8399.85,-6452.46,16564,50.7115%
115,Call of Duty: Black Ops III,1175234,180795,37744,410,23243,1581,243,6.5,2016-03-01,2020,May,4798.33,1586.32,8870,54.0962%
117,Subnautica,1168894,59821,30403,163,7541,1573,80,19.54,2016-03-01,2020,May,3275.61,-1478.65,5566,58.8503%
118,Metin2,1168537,28018,7039,90,2094,1572,37,41.71,2016-03-01,2020,May,1448.32,-661.83,2663,54.3868%
123,War Thunder,1104138,67668,19681,257,6118,1486,91,16.32,2016-03-01,2020,May,22476.99,-2313.17,38871,57.8246%
124,Deep Rock Galactic,1103454,38706,30963,162,4763,1485,52,28.51,2016-03-01,2020,May,6563.21,3156.66,15515,42.3024%
125,Knight Online,1081822,19127,7992,84,923,1456,25,56.56,2016-03-01,2020,May,2780.61,16.71,3844,72.3364%
126,The Elder Scrolls V: Skyrim,1069153,108975,12208,252,10523,1438,146,9.81,2016-03-01,2020,May,8665.43,-1367.92,14753,58.7367%
127,The Forest,1066513,103038,38869,265,14806,1435,138,10.35,2016-04-01,2020,May,6226.51,-1359.89,11583,53.7556%
128,Hunt: Showdown,1059913,94434,16499,269,7411,1426,127,11.22,2016-04-01,2020,May,5610.37,-282.23,10746,52.2089%
131,Resident Evil 3,1026093,47215,12265,161,7102,1381,63,21.73,2016-04-01,2020,May,1032.46,-4738.94,2431,42.4706%
132,Gears 5,990327,67092,22707,223,5812,1332,90,14.76,2016-04-01,2020,May,332.88,-717.51,598,55.6656%
139,Hollow Knight,954321,57738,8384,144,6259,1284,77,16.53,2016-04-01,2020,May,5091.95,976.09,11437,44.5217%
140,Farming Simulator 19,953265,139771,35200,529,14009,1282,188,6.82,2016-04-01,2020,May,14940.18,-2445.67,30601,48.8225%
143,DOOM Eternal,928866,64344,17405,193,8837,1250,86,14.44,2016-04-01,2020,May,3231.22,-4355.96,7646,42.2603%
152,Slay the Spire,818551,18896,16529,54,2822,1101,25,43.32,2016-04-01,2020,May,6238.0,-850.59,7994,78.0335%
153,Green Hell,818077,47564,16502,225,6052,1101,64,17.2,2016-04-01,2020,May,4004.43,-2223.35,11684,34.2728%
156,Albion Online,775306,45468,3342,114,2577,1043,61,17.05,2016-04-01,2020,May,7186.19,211.94,10990,65.3884%
158,Raft,768791,36463,31745,102,6024,1034,49,21.08,2016-04-01,2020,May,4218.42,171.4,7386,57.1137%
160,Borderlands 3,762834,92533,9486,283,10136,1026,124,8.24,2016-04-01,2020,May,14973.16,-7200.61,34315,43.6344%
161,Paladins,762188,120869,3544,306,15856,1025,162,6.31,2016-04-01,2020,May,14322.13,-2672.75,28367,50.4887%
162,Friday the 13th: The Game,752590,42823,13788,167,7537,1012,57,17.57,2016-04-01,2020,May,1169.46,513.93,3772,31.0037%
164,Yu-Gi-Oh! Duel Links,750700,18516,6503,51,1768,1010,24,40.54,2016-04-01,2020,May,8588.49,693.66,13896,61.8055%
165,Grand Theft Auto: San Andreas,737589,36041,20155,104,5002,992,48,20.47,2016-04-01,2020,May,1156.06,-304.87,2116,54.6342%
168,Don't Starve Together,733602,41134,6080,112,4731,987,55,17.83,2016-04-01,2020,May,13854.71,-3721.79,26867,51.5678%
170,NBA 2K19,717093,15868,2069,51,1724,965,21,45.19,2016-04-01,2020,May,2220.19,-382.57,4073,54.5099%
171,Garry's Mod,712323,38133,38639,136,7819,958,51,18.68,2016-04-01,2020,May,31974.56,-6784.41,52658,60.7212%
172,7 Days to Die,703934,93498,4175,247,7066,947,125,7.53,2016-04-01,2020,May,16813.99,-1456.03,26351,63.8078%
175,RimWorld,685037,35499,7522,100,2670,921,47,19.3,2016-04-01,2020,May,14814.16,-2757.61,21491,68.9319%
180,Alien: Isolation,650974,53337,5911,273,9376,876,71,12.2,2016-04-01,2020,May,1341.14,302.02,5807,23.0952%
183,House Flipper,611416,19928,9409,101,3639,822,26,30.68,2016-04-01,2020,May,3474.56,466.75,9067,38.3209%
188,Call of Duty: Modern Warfare 2,588453,27045,35925,341,5939,791,36,21.76,2016-04-01,2020,May,559.84,-214.06,1044,53.6245%
189,Outlast,579234,32271,30733,118,9380,779,43,17.95,2016-04-01,2020,May,206.12,-7.84,379,54.3852%
193,Stardew Valley,548637,68427,4282,162,9308,738,92,8.02,2016-04-01,2020,May,20487.19,-9463.98,31679,64.6712%
197,Brawlhalla,537311,93239,9815,248,17016,723,125,5.76,2016-04-01,2020,May,16399.06,-816.21,31828,51.524%
200,Arma 3,530410,72500,5638,389,5542,713,97,7.32,2016-04-01,2020,May,15997.56,-4268.59,34175,46.8107%
4,Grand Theft Auto V,100533035,1681199,389147,4500,145049,139823,2338,59.8,2016-04-01,2020,June,99752.85,-41617.03,180302,55.3254%
7,Counter-Strike: Global Offensive,76001332,1403689,499919,4209,149577,105704,1952,54.14,2016-04-01,2020,June,671647.46,-97147.79,1009467,66.5349%
9,Dota 2,41177114,569147,212444,1490,27354,57269,791,72.35,2016-04-01,2020,June,457184.42,-27004.6,733294,62.3467%
17,Dead by Daylight,17143940,920224,83669,2915,74973,23844,1279,18.63,2016-04-01,2020,June,40479.91,6747.27,77341,52.3395%
20,Sea of Thieves,13074561,479773,63429,1447,42558,18184,667,27.25,2016-04-01,2020,June,29454.49,-2700.7116666666666,66632,44.2047%
21,Path of Exile,13049473,261238,136329,3911,13311,18149,363,49.95,2016-04-01,2020,June,30079.25,11224.95,125432,23.9805%
24,PLAYERUNKNOWN'S BATTLEGROUNDS,12471270,508739,80565,1061,34621,17345,707,24.51,2016-04-01,2020,June,230329.74,-12929.04,546359,42.1572%
25,Tom Clancy's Rainbow Six Siege,12013893,1279671,49198,3779,133945,16709,1779,9.39,2016-04-01,2020,June,70200.51,-9898.8,126733,55.3924%
26,Destiny 2,10546869,712956,289529,6800,50306,14668,991,14.79,2016-04-01,2020,June,77550.23,25712.82,213681,36.2925%
27,NBA 2K20,9716329,632553,91296,2188,55185,13513,879,15.36,2016-04-01,2020,June,16774.96,-687.5,33076,50.7164%
32,Rocket League,6200876,465670,71629,1117,76014,8624,647,13.32,2016-04-01,2020,June,41136.6,-4478.95,72502,56.7386%
35,Terraria,5247075,195641,37539,659,21963,7297,272,26.82,2016-04-01,2020,June,75803.88,-54004.75,157919,48.0017%
42,Rust,4309351,169574,44671,725,14303,5993,235,25.41,2016-04-01,2020,June,50417.72,-6926.93,93513,53.9152%
44,The Elder Scrolls Online,3892037,116879,40295,303,8205,5413,162,33.3,2016-04-01,2020,June,23003.48,-391.94,39494,58.2455%
45,SMITE,3855806,176255,25557,514,14889,5362,245,21.88,2016-04-01,2020,June,14765.63,-542.06,24129,61.1945%
48,Black Desert Online,3361617,157977,10218,370,7919,4675,219,21.28,2016-04-01,2020,June,18250.08,-1693.22,24463,74.6028%
55,ARK: Survival Evolved,2751792,272680,32686,806,21832,3827,379,10.09,2016-04-01,2020,June,59435.7,-1482.37,97813,60.7646%
57,Football Manager 2020,2526816,32812,23262,129,2244,3514,45,77.01,2016-04-01,2020,June,57967.32,-11192.01,94063,61.6261%
60,World of Warships,2482727,68118,18152,196,4230,3453,94,36.45,2016-04-01,2020,June,8913.76,-754.11,17330,51.4354%
61,The Elder Scrolls V: Skyrim,2448588,107967,29653,262,11073,3405,150,22.68,2016-04-01,2020,June,7522.3,-1143.13,12658,59.4272%
62,VRChat,2437110,82554,10310,213,7562,3389,114,29.52,2016-04-01,2020,June,11183.39,-592.8,15781,70.8662%
63,Age of Empires II: Definitive Edition,2263061,38998,28514,104,3006,3147,54,58.03,2016-04-01,2020,June,13926.15,-3701.97,23847,58.3979%
64,F1 2019,2253944,42858,106783,260,8466,3134,59,52.59,2016-04-01,2020,June,3292.2,-1146.32,7838,42.0031%
66,Hunt: Showdown,2195816,88524,50318,322,6944,3053,123,24.8,2016-04-01,2020,June,5589.31,-21.07,12660,44.1494%
68,FINAL FANTASY XIV Online,2160064,232262,15257,886,14712,3004,323,9.3,2016-04-01,2020,June,15404.52,-2611.23,24417,63.0893%
78,DayZ,1936338,124395,29501,350,9241,2693,173,15.57,2016-04-01,2020,June,13996.88,-2332.09,24136,57.9917%
79,Monster Train,1925453,22868,13524,112,2390,2677,31,84.2,2016-04-01,2020,June,5736.48,-4661.81,11569,49.5849%
82,MapleStory,1843494,79593,23399,305,4874,2563,110,23.16,2016-04-01,2020,June,3026.96,116.4,4683,64.6372%
84,Kingdom Come: Deliverance,1718340,19332,23111,61,1633,2389,26,88.89,2016-04-01,2020,June,2958.08,269.45,8153,36.2821%
86,Street Fighter V,1544848,38980,30429,91,3308,2148,54,39.63,2016-04-01,2020,June,1594.89,-113.19,2493,63.9747%
94,Monster Hunter: World,1368678,121283,13547,267,10980,1903,168,11.28,2016-04-01,2020,June,24145.61,-19558.09,51086,47.2646%
96,Mortal Kombat 11,1341778,66730,28406,187,8422,1866,92,20.11,2016-04-01,2020,June,2630.65,-13.3,4847,54.2738%
98,The Witcher 3: Wild Hunt,1229857,90291,8263,271,9748,1710,125,13.62,2016-04-01,2020,June,19000.83,-2433.65,35118,54.1057%
100,7 Days to Die,1210455,75019,34546,400,6309,1683,104,16.14,2016-04-01,2020,June,13120.49,-3693.5,28205,46.5183%
101,Satisfactory,1210129,78166,48319,263,7125,1683,108,15.48,2016-04-01,2020,June,16772.74,-1237.5583333333334,27439,61.1274%
109,Borderlands 3,1129625,73303,26614,336,8528,1571,101,15.41,2016-04-01,2020,June,7133.96,-7839.2,18514,38.5328%
110,Grand Theft Auto: San Andreas,1117646,30283,12144,80,4565,1554,42,36.91,2016-04-01,2020,June,955.12,-200.94,1682,56.7848%
114,Sid Meier's Civilization VI,1052880,58452,11913,239,7395,1464,81,18.01,2016-05-01,2020,June,39799.04,-1993.32,60936,65.3129%
116,Raft,1037598,33002,23974,133,6048,1443,45,31.44,2016-05-01,2020,June,4307.84,89.43,11197,38.4732%
119,Don't Starve Together,1017772,48990,9981,159,6459,1415,68,20.78,2016-05-01,2020,June,17332.93,3478.22,41440,41.8266%
121,Warframe,1001939,124444,16284,438,9274,1393,173,8.05,2016-05-01,2020,June,44830.35,-4856.71,81798,54.8062%
126,Desperados III,900772,14561,23242,210,1862,1252,20,61.86,2016-05-01,2020,June,2701.73,-358.43,5997,45.0514%
127,Garry's Mod,889311,29646,102669,107,6502,1236,41,30.0,2016-05-01,2020,June,29114.99,-2859.57,42557,68.4141%
128,Europa Universalis IV,880991,20967,9687,124,1343,1225,29,42.02,2016-05-01,2020,June,20938.41,4827.5,47844,43.7639%
131,Yu-Gi-Oh! Duel Links,858052,19572,14537,53,1900,1193,27,43.84,2016-05-01,2020,June,8019.26,-569.23,10699,74.9534%
132,Euro Truck Simulator 2,857222,102710,10255,369,11203,1192,142,8.35,2016-05-01,2020,June,19808.94,-1206.83,37543,52.7633%
137,DOOM Eternal,795233,37248,19861,117,5512,1106,51,21.35,2016-05-01,2020,June,1991.55,-1239.68,7551,26.3747%
139,War Thunder,767585,61573,12167,176,5558,1067,85,12.47,2016-05-01,2020,June,20400.64,-2076.35,32424,62.9183%
140,Alien: Isolation,763412,31177,30483,107,6293,1061,43,24.49,2016-05-01,2020,June,451.9,-889.24,844,53.5427%
141,Green Hell,760358,24159,27240,101,3663,1057,33,31.47,2016-05-01,2020,June,3068.65,-935.78,8820,34.792%
142,Paladins,748388,100658,3715,257,12825,1040,139,7.43,2016-05-01,2020,June,10537.02,-3785.11,17921,58.7971%
144,The Forest,726164,78142,47620,263,12388,1009,108,9.29,2016-05-01,2020,June,5574.74,-651.77,16215,34.3801%
154,Albion Online,672836,36607,3378,104,2148,935,50,18.38,2016-05-01,2020,June,5881.48,-1304.71,8863,66.3599%
156,Farming Simulator 19,662936,79343,16905,298,6478,922,110,8.36,2016-05-01,2020,June,13001.78,-1938.4,25980,50.0453%
160,RimWorld,648184,31267,15777,90,2513,901,43,20.73,2016-05-01,2020,June,14297.36,-516.8,19981,71.5548%
161,rFactor 2,645424,3489,62961,54,490,897,4,184.99,2016-05-01,2020,June,723.04,3.34,1642,44.0341%
167,Subnautica,629032,48160,5524,126,6500,874,66,13.06,2016-05-01,2020,June,2621.78,-653.83,4605,56.9333%
168,Persona 4 Golden,616660,65550,32569,464,6332,857,91,9.41,2016-05-01,2020,June,19589.92,-2862.933333333333,29984,65.3346%
169,Knight Online,615929,12061,5633,54,667,856,16,51.07,2016-05-01,2020,June,2173.22,-607.38,3278,66.2971%
174,Call of Duty: Black Ops III,600558,136454,7580,356,18201,835,189,4.4,2016-05-01,2020,June,3623.99,-1174.33,6321,57.3325%
175,Hollow Knight,593692,52941,6036,142,6250,825,73,11.21,2016-05-01,2020,June,3735.5,-1356.46,7525,49.6412%
177,Mount & Blade II: Bannerlord,588799,18374,14954,66,1965,818,25,32.05,2016-05-01,2020,June,14921.1,-16608.75,26040,57.3007%
179,Gunfire Reborn,582640,31078,50647,106,4651,810,43,18.75,2016-05-01,2020,June,3669.73,2745.79,7114,51.5846%
180,Metin2,581073,19952,3200,68,1530,808,27,29.12,2016-05-01,2020,June,909.24,-539.08,1610,56.4745%
181,Outward,579274,9685,19395,40,1096,805,13,59.81,2016-05-01,2020,June,962.14,439.24,3470,27.7274%
185,Gears 5,554310,58614,5014,211,5301,770,81,9.46,2016-05-01,2020,June,228.67,-104.21,479,47.739%
186,Fallout 76,548408,63570,4062,229,4604,762,88,8.63,2016-05-01,2020,June,7983.75,-6491.57,15386,51.8897%
188,Brawlhalla,530386,87914,9633,218,16489,737,122,6.03,2016-05-01,2020,June,15399.4,-999.66,26402,58.3266%
190,Outlast,521244,31963,19190,124,9579,724,44,16.31,2016-05-01,2020,June,245.68,39.55,778,31.5784%
192,Hearts of Iron IV,512336,13549,18429,48,1486,712,18,37.81,2016-05-01,2020,June,20380.3,-29.18,32549,62.6142%
197,The Long Dark,482543,13990,10033,45,1842,671,19,34.49,2016-05-01,2020,June,1869.0,-420.24,3289,56.8258%
4,Grand Theft Auto V,94129970,1614402,378519,3752,130521,126689,2172,58.31,2016-05-01,2020,July,83654.72,-16098.13,134093,62.3856%
8,Counter-Strike: Global Offensive,41902442,1187042,197934,3034,126894,56396,1597,35.3,2016-05-01,2020,July,625900.81,-45746.65,857560,72.9862%
9,Dota 2,35906928,571211,193157,1301,27565,48326,768,62.86,2016-05-01,2020,July,450213.99,-6970.43,712610,63.1782%
15,Dead by Daylight,19034322,1018117,65116,2138,81765,25618,1370,18.7,2016-05-01,2020,July,40537.08,57.17,66429,61.0232%
21,Tom Clancy's Rainbow Six Siege,12976681,1365588,47393,2863,144626,17465,1837,9.5,2016-05-01,2020,July,76279.2,6078.69,122438,62.3003%
23,PLAYERUNKNOWN'S BATTLEGROUNDS,11720863,589688,57693,1220,36800,15775,793,19.88,2016-05-01,2020,July,211700.3,-18629.44,469568,45.0841%
25,Path of Exile,10258739,248266,50665,611,10103,13807,334,41.32,2016-05-01,2020,July,34840.9,4761.65,64732,53.8233%
26,NBA 2K20,10127041,785633,76626,2079,70302,13629,1057,12.89,2016-05-01,2020,July,22884.1,6109.15,38023,60.1849%
27,Destiny 2,9801493,840733,52632,2406,54420,13191,1131,11.66,2016-05-01,2020,July,68439.75,-9110.48,122236,55.9898%
33,Rocket League,6404829,503218,37288,1125,81236,8620,677,12.73,2016-05-01,2020,July,41893.27,756.67,71681,58.444%
34,Hunt: Showdown,6143333,125570,52276,362,9284,8268,169,48.92,2016-05-01,2020,July,6388.57,799.27,13842,46.1535%
35,Sea of Thieves,5972355,349134,41888,905,33636,8038,469,17.11,2016-05-01,2020,July,21810.25,-7644.24,59104,36.9015%
40,The Elder Scrolls Online,5331136,116764,57057,308,8560,7175,157,45.66,2016-05-01,2020,July,22006.6,-996.88,34962,62.9443%
43,Rust,4936238,204538,40911,741,17294,6643,275,24.13,2016-05-01,2020,July,58238.72,7821.0,97741,59.5847%
45,SMITE,4868991,230443,28440,681,19476,6553,310,21.13,2016-05-01,2020,July,15841.85,1076.21,27842,56.8991%
51,Black Desert Online,4006988,152683,27341,303,7839,5392,205,26.24,2016-05-01,2020,July,15378.3,-2871.78,19471,78.9805%
54,Monster Hunter: World,3762608,244255,34374,1152,20530,5064,328,15.4,2016-05-01,2020,July,48079.8,23934.18,144000,33.3888%
56,VRChat,3439805,91292,24751,257,8250,4629,122,37.68,2016-05-01,2020,July,11113.71,-69.68,16634,66.8132%
62,World of Warships,2765815,74394,18090,220,4500,3722,100,37.18,2016-05-01,2020,July,9259.68,345.92,18580,49.8368%
70,MapleStory,2430995,83290,19262,221,5248,3271,112,29.19,2016-05-01,2020,July,3104.4,77.44,4918,63.1232%
71,Age of Empires II: Definitive Edition,2354533,42928,18809,104,3273,3168,57,54.85,2016-05-01,2020,July,14447.78,521.63,22239,64.966%
72,FINAL FANTASY XIV Online,2346316,251952,41554,920,15714,3157,339,9.31,2016-05-01,2020,July,15767.28,362.76,24141,65.3133%
73,DayZ,2345331,142773,34790,356,10483,3156,192,16.43,2016-05-01,2020,July,14339.71,342.83,23958,59.8535%
76,7 Days to Die,2247141,154970,23930,411,10624,3024,208,14.5,2016-05-01,2020,July,24237.9,11117.41,38944,62.2378%
81,ARK: Survival Evolved,2088824,239495,18359,571,15586,2811,322,8.72,2016-05-01,2020,July,57163.99,-2271.72,90664,63.0504%
82,Brawlhalla,2047527,106026,41874,300,18732,2755,142,19.31,2016-05-01,2020,July,16276.09,876.69,29804,54.6104%
86,Street Fighter V,1777609,41238,37634,105,3572,2392,55,43.11,2016-05-01,2020,July,1697.59,102.7,2599,65.317%
89,Terraria,1532921,107678,32901,256,12844,2063,144,14.24,2016-05-01,2020,July,40828.84,-34975.04,62269,65.5685%
99,Green Hell,1424606,27476,44816,97,3892,1917,36,51.85,2016-05-01,2020,July,3128.4,59.75,7481,41.8179%
105,The Forest,1277626,100544,26338,309,15111,1719,135,12.71,2016-05-01,2020,July,7822.46,2247.72,16117,48.5355%
109,Sid Meier's Civilization VI,1259840,35136,17841,110,4193,1695,47,35.86,2016-05-01,2020,July,37644.69,-2154.36,64392,58.4617%
110,Warframe,1252221,129890,30861,325,9821,1685,174,9.64,2016-05-01,2020,July,39385.15,-5445.2,58719,67.0739%
112,The Elder Scrolls V: Skyrim,1248830,113273,9718,270,11448,1680,152,11.02,2016-05-01,2020,July,6941.59,-580.71,10899,63.6902%
113,Satisfactory,1199505,71703,26730,203,6267,1614,96,16.73,2016-05-01,2020,July,13820.92,-2951.82,23836,57.9834%
114,Raft,1189282,43975,46716,137,7505,1600,59,27.04,2016-05-01,2020,July,5279.91,972.06,11495,45.9322%
116,Max Payne 3,1184524,2509,22400,15,484,1594,3,472.11,2016-05-01,2020,July,323.17,119.83,718,45.0097%
122,Football Manager 2020,1133493,34617,10316,145,2326,1525,46,32.74,2016-05-01,2020,July,58842.47,875.15,91382,64.3918%
130,Don't Starve Together,997514,48930,7651,118,6143,1342,65,20.39,2016-06-01,2020,July,17581.44,248.5,31896,55.1211%
132,Gears 5,985982,84826,10839,367,7718,1327,114,11.62,2016-06-01,2020,July,382.5,153.84,679,56.3328%
139,Danganronpa V3: Killing Harmony,899575,5219,18207,18,377,1210,7,172.37,2016-06-01,2020,July,724.07,287.73,1087,66.6118%
142,Garry's Mod,864227,32015,56162,90,7058,1163,43,26.99,2016-06-01,2020,July,29238.95,123.95,42318,69.0934%
144,Paladins,837668,117700,5893,310,14473,1127,158,7.12,2016-06-01,2020,July,10141.15,-395.87,17726,57.2106%
145,Mortal Kombat 11,837491,58903,14841,153,6947,1127,79,14.22,2016-06-01,2020,July,2421.78,-208.87,4265,56.7826%
150,Grand Theft Auto: San Andreas,799933,32563,15648,87,4504,1076,43,24.57,2016-06-01,2020,July,1095.09,139.97,1808,60.5691%
151,Euro Truck Simulator 2,799292,103230,7279,350,11401,1075,138,7.74,2016-06-01,2020,July,19619.5,-189.44,34566,56.7595%
152,No Man's Sky,797829,60070,20676,182,6874,1073,80,13.28,2016-06-01,2020,July,9572.2,3009.91,21844,43.8207%
153,Tabletop Simulator,795210,13328,43250,64,2908,1070,17,59.66,2016-06-01,2020,July,6777.9,297.2,15529,43.6467%
155,Yu-Gi-Oh! Duel Links,777199,18201,7942,50,1826,1046,24,42.7,2016-06-01,2020,July,7138.33,-880.94,10106,70.6346%
156,The Witcher 3: Wild Hunt,773583,88392,7355,251,9763,1041,118,8.75,2016-06-01,2020,July,18828.38,-172.45,34735,54.2058%
157,Persona 4 Golden,762984,60013,10018,176,4343,1026,80,12.71,2016-06-01,2020,July,9336.06,-10253.86,16309,57.2448%
160,Farming Simulator 19,738095,79750,8986,261,6249,993,107,9.26,2016-06-01,2020,July,14175.57,1173.79,27660,51.2493%
162,Gunfire Reborn,716941,28386,15382,89,4314,964,38,25.26,2016-06-01,2020,July,3441.56,-228.18,5747,59.8845%
166,Hollow Knight,711918,62439,6799,154,7114,958,84,11.4,2016-06-01,2020,July,5482.42,1746.92,8904,61.5726%
171,Albion Online,687988,38044,3154,102,2477,925,51,18.08,2016-06-01,2020,July,5909.43,27.95,8899,66.4056%
172,RimWorld,687723,34960,8243,95,2713,925,47,19.67,2016-06-01,2020,July,15243.38,946.01,20531,74.2457%
174,Fallout 76,674953,97564,17475,251,7275,908,131,6.92,2016-06-01,2020,July,9011.95,1028.2,14188,63.5181%
178,DOOM Eternal,625897,40726,139759,120,5832,842,54,15.37,2016-06-01,2020,July,3027.89,1036.35,6900,43.8825%
179,The Long Dark,618880,16744,5622,56,1932,832,22,36.96,2016-06-01,2020,July,2195.32,326.32,3910,56.1463%
180,Borderlands 3,604517,74418,3910,222,8322,813,100,8.12,2016-06-01,2020,July,8785.67,1651.71,17781,49.4104%
183,Call of Duty: Black Ops III,596639,137838,7540,339,17798,803,185,4.33,2016-06-01,2020,July,3275.54,-348.45,5394,60.7256%
192,Kingdom Come: Deliverance,546633,15439,11527,49,1453,735,20,35.41,2016-06-01,2020,July,2977.3,19.22,5591,53.2517%
193,Stardew Valley,545181,71286,5423,172,10088,733,95,7.65,2016-06-01,2020,July,19955.32,4745.95,28908,69.0304%
197,Metin2,532934,17309,3944,58,1332,717,23,30.79,2016-06-01,2020,July,627.28,-281.97,1009,62.1685%
199,Subnautica,524425,53141,8221,142,6693,705,71,9.87,2016-06-01,2020,July,3177.59,555.8,5472,58.07%
3,Fall Guys: Ultimate Knockout,112938341,2257803,713229,7272,395663,152003,3038,50.02,2016-06-01,2020,August,124479.35,-27777.3925,172026,72.3608%
6,Grand Theft Auto V,83320277,1515588,374879,3525,125748,112140,2039,54.98,2016-06-01,2020,August,88398.36,4743.64,154677,57.1503%
8,Counter-Strike: Global Offensive,48243344,1071229,313425,2526,117920,64930,1441,45.04,2016-06-01,2020,August,639957.66,14056.85,925348,69.1586%
10,Dota 2,38252005,554956,170474,1247,26864,51483,746,68.93,2016-06-01,2020,August,429717.12,-20496.87,666138,64.5087%
15,Dead by Daylight,22216259,1024753,86217,2261,83980,29900,1379,21.68,2016-06-01,2020,August,40148.29,-388.79,58910,68.1519%
20,Tom Clancy's Rainbow Six Siege,12484628,1236678,114613,3038,137891,16802,1664,10.1,2016-06-01,2020,August,68205.26,-8073.94,127249,53.5998%
21,PLAYERUNKNOWN'S BATTLEGROUNDS,11449004,600713,120025,1275,39123,15409,808,19.06,2016-06-01,2020,August,192492.61,-19207.7,443390,43.4138%
23,Rocket League,9773161,484991,182628,1134,82809,13153,652,20.15,2016-06-01,2020,August,41201.98,-691.28,70357,58.5613%
29,Destiny 2,7558794,757588,26071,2480,50050,10173,1019,9.98,2016-06-01,2020,August,64263.74,-4176.01,122520,52.4516%
31,NBA 2K20,7393059,675373,76106,2017,62815,9950,908,10.95,2016-06-01,2020,August,23347.53,463.43,48367,48.2716%
35,Warframe,6219274,198143,433443,1352,14877,8370,266,31.39,2016-06-01,2020,August,59629.02,20243.88,154246,38.6584%
36,Path of Exile,5706876,125666,26106,350,5688,7680,169,45.41,2016-06-01,2020,August,18829.49,-16011.41,38067,49.4641%
39,SMITE,5146771,224702,25241,595,18501,6927,302,22.9,2016-06-01,2020,August,14947.1,-894.75,24066,62.1088%
42,Horizon Zero Dawn,4665977,177158,91067,1658,16500,6279,238,26.34,2016-06-01,2020,August,16042.04,-3366.385,49582,32.3546%
44,Rust,4384160,183250,48044,667,15124,5900,246,23.92,2016-06-01,2020,August,53287.65,-4951.07,89147,59.775%
45,Sea of Thieves,4203185,319827,46219,844,31000,5657,430,13.14,2016-06-01,2020,August,12358.85,-9451.4,29221,42.2944%
48,DayZ,4118950,140663,106528,383,10369,5543,189,29.28,2016-06-01,2020,August,13979.0,-360.71,24446,57.1832%
51,Risk of Rain 2,3949079,136496,77577,825,19954,5315,183,28.93,2016-06-01,2020,August,25249.95,20718.12,71033,35.5468%
53,Black Desert Online,3871512,145243,16699,296,7446,5210,195,26.66,2016-06-01,2020,August,14501.52,-876.78,18551,78.1711%
55,FINAL FANTASY XIV Online,3397969,334905,19206,1521,21528,4573,450,10.15,2016-06-01,2020,August,20497.85,4730.57,34086,60.1357%
57,VRChat,3141316,97302,28042,282,8890,4227,130,32.28,2016-06-01,2020,August,11442.02,328.31,17514,65.3307%
60,The Elder Scrolls Online,2925711,121683,27529,293,8929,3937,163,24.04,2016-06-01,2020,August,23369.4,1362.8,38240,61.1124%
61,World of Warships,2889577,76034,15732,195,4526,3889,102,38.0,2016-06-01,2020,August,9373.22,113.54,17432,53.7702%
62,Age of Empires II: Definitive Edition,2860449,40635,154059,95,3211,3849,54,70.39,2016-06-01,2020,August,13439.44,-1008.34,21018,63.9425%
65,Grounded,2604550,157448,30297,1044,26672,3505,211,16.54,2016-06-01,2020,August,5422.12,-1144.96,16851,32.1768%
69,MapleStory,2291944,74380,19305,216,4644,3084,100,30.81,2016-06-01,2020,August,2477.79,-626.6,3767,65.7762%
78,Street Fighter V,2011813,49004,36339,189,4729,2707,65,41.05,2016-06-01,2020,August,2255.39,557.8,3957,56.9975%
79,Monster Hunter: World,2003692,172461,28881,504,15880,2696,232,11.62,2016-06-01,2020,August,33785.62,-14294.18,74252,45.5013%
89,Brawlhalla,1640625,108518,31930,275,20676,2208,146,15.12,2016-06-01,2020,August,17013.52,737.43,26415,64.4086%
90,PGA TOUR 2K21,1635739,44112,58027,500,6368,2201,59,37.08,2016-06-01,2020,August,3018.41,-558.265,5408,55.8138%
91,ARK: Survival Evolved,1615768,220558,5719,533,13889,2174,296,7.33,2016-06-01,2020,August,47770.61,-9393.38,75208,63.518%
93,SCP: Secret Laboratory,1585434,18253,95543,70,3579,2133,24,86.86,2016-06-01,2020,August,5679.27,1679.49,7603,74.6978%
96,For The King,1370626,8442,56517,68,1572,1844,11,162.36,2016-06-01,2020,August,1043.18,278.69,3141,33.2117%
97,7 Days to Die,1360333,123123,12154,301,9189,1830,165,11.05,2016-06-01,2020,August,20728.01,-3509.9,35748,57.9837%
106,The Witcher 3: Wild Hunt,1219693,81397,88802,236,8868,1641,109,14.98,2016-06-01,2020,August,16327.61,-2500.77,36555,44.6659%
108,Hunt: Showdown,1198189,99928,20954,257,7474,1612,134,11.99,2016-06-01,2020,August,5612.19,-776.38,10733,52.2891%
109,Mortal Kombat 11,1193781,50604,67731,127,6103,1606,68,23.59,2016-06-01,2020,August,1758.0,-663.78,3205,54.8518%
110,Terraria,1178579,87420,13293,205,10693,1586,117,13.48,2016-06-01,2020,August,28647.58,-12181.26,40187,71.2857%
121,The Elder Scrolls V: Skyrim,1061789,121853,13805,269,12091,1429,164,8.71,2016-06-01,2020,August,6855.91,-85.68,10891,62.9502%
125,For Honor,997246,65215,10134,336,8264,1342,87,15.29,2016-06-01,2020,August,5048.3,320.97,13358,37.7923%
131,Sid Meier's Civilization VI,965159,27475,146231,78,3299,1299,36,35.13,2016-06-01,2020,August,33710.97,-3933.71,53037,63.5612%
135,Factorio,932518,42720,21634,161,3419,1255,57,21.83,2016-06-01,2020,August,15775.35,8052.67,34640,45.5408%
139,Albion Online,921361,49420,4080,133,3017,1240,66,18.64,2016-06-01,2020,August,7144.1,1234.67,11595,61.6136%
141,Don't Starve Together,896588,38885,6371,108,4746,1206,52,23.06,2016-06-01,2020,August,13957.9,-3623.54,24475,57.0292%
143,Paladins,870543,107881,2853,279,12974,1171,145,8.07,2016-07-01,2020,August,10225.23,84.07,16893,60.5294%
144,Subnautica,867755,60881,12864,157,7579,1167,81,14.25,2016-07-01,2020,August,2949.65,-227.94,4636,63.6249%
149,The Long Dark,815041,13763,7884,42,1624,1096,18,59.22,2016-07-01,2020,August,1542.28,-653.04,2580,59.7783%
150,Gears 5,804652,84119,19520,291,7958,1082,113,9.57,2016-07-01,2020,August,348.62,-33.88,558,62.4767%
151,Battle Brothers,789624,9614,3942,55,520,1062,12,82.13,2016-07-01,2020,August,2918.35,2070.19,8055,36.2303%
152,Football Manager 2020,785742,30728,14288,106,2258,1057,41,25.57,2016-07-01,2020,August,60252.62,1410.15,94464,63.7837%
161,Euro Truck Simulator 2,713134,86502,18716,315,9840,959,116,8.24,2016-07-01,2020,August,17248.12,-2371.38,34063,50.6359%
163,Garry's Mod,702525,30944,76796,101,6730,945,41,22.7,2016-07-01,2020,August,28184.07,-1054.87,41437,68.0167%
168,Yu-Gi-Oh! Duel Links,677391,18276,5549,55,1834,911,24,37.06,2016-07-01,2020,August,7655.71,517.39,11011,69.5278%
171,Hollow Knight,654341,60091,95667,147,7149,880,80,10.89,2016-07-01,2020,August,5029.37,-453.06,9029,55.7024%
172,Golf It!,649065,4652,91632,87,1815,873,6,139.52,2016-07-01,2020,August,699.45,-143.42,1529,45.7456%
173,Farming Simulator 19,648724,79391,14350,253,6157,873,106,8.17,2016-07-01,2020,August,14565.66,390.09,28405,51.2785%
174,Borderlands 3,633264,71917,6031,223,7948,852,96,8.81,2016-07-01,2020,August,8873.5,87.83,23377,37.9582%
177,Call of Duty: Black Ops III,602639,127592,9973,305,17538,811,171,4.72,2016-07-01,2020,August,2756.57,-518.97,4554,60.5307%
178,Grand Theft Auto: San Andreas,601199,31718,19600,81,4438,809,42,18.95,2016-07-01,2020,August,863.76,-231.33,1361,63.4651%
179,RimWorld,600629,33839,10181,91,2657,808,45,17.75,2016-07-01,2020,August,16529.27,1285.9,23344,70.8074%
180,Slay the Spire,600203,16654,26408,53,2542,807,22,36.04,2016-07-01,2020,August,6526.54,-30.56,9584,68.0983%
181,Conqueror's Blade,599545,29407,27538,87,1962,806,39,20.39,2016-07-01,2020,August,3910.94,652.93,10336,37.838%
182,Conan Exiles,578334,31269,36814,85,2116,778,42,18.5,2016-07-01,2020,August,6984.01,-1525.6,11498,60.7411%
183,The Forest,577373,64794,21484,191,10758,777,87,8.91,2016-07-01,2020,August,4886.7,-2935.76,7906,61.81%
188,Tabletop Simulator,563065,12633,22475,72,2753,757,17,44.57,2016-07-01,2020,August,6256.95,-520.96,14829,42.194%
192,Arma 3,524332,55637,5514,270,4481,705,74,9.42,2016-07-01,2020,August,13028.78,-35.34,22575,57.7133%
193,DOOM Eternal,523174,42849,85152,129,5981,704,57,12.21,2016-07-01,2020,August,2331.68,-696.22,5009,46.5498%
195,Europa Universalis IV,518345,13757,5298,47,924,697,18,37.68,2016-07-01,2020,August,15930.75,-1839.24,25686,62.0211%
196,Cuphead,514856,43208,12690,165,8801,692,58,11.92,2016-07-01,2020,August,967.73,-193.47,1498,64.6015%
199,Alien: Isolation,494709,30768,73694,101,6359,665,41,16.08,2016-07-01,2020,August,352.77,-42.45,795,44.3736%
6,Grand Theft Auto V,58950202,1228347,318681,3147,98039,81989,1708,47.99,2016-07-01,2020,September,68047.03,-20351.33,126174,53.9311%
7,Counter-Strike: Global Offensive,53623137,1029871,306910,2620,114511,74580,1432,52.07,2016-07-01,2020,September,606850.32,-33107.34,977769,62.0648%
9,Dota 2,38107678,551165,269456,1402,26860,53000,766,69.14,2016-07-01,2020,September,408609.78,-21107.34,670547,60.9368%
11,Fall Guys: Ultimate Knockout,36054453,1048174,617661,4498,223720,50145,1457,34.4,2016-07-01,2020,September,66899.48,-57579.87,150587,44.4258%
14,Dead by Daylight,21492539,1026560,87686,2682,85128,29892,1427,20.94,2016-07-01,2020,September,39898.35,-249.94,76258,52.3202%
18,NBA 2K21,14528308,893838,112997,6873,68466,20206,1243,16.25,2016-07-01,2020,September,11257.69,-915.2333333333332,20670,54.4639%
19,Rocket League,14067732,705274,136304,3520,151620,19565,980,19.95,2016-07-01,2020,September,53108.19,11906.21,146902,36.1521%
22,Path of Exile,12514422,254794,141391,3697,12906,17405,354,49.12,2016-07-01,2020,September,32050.11,13220.61,121595,26.3581%
24,PLAYERUNKNOWN'S BATTLEGROUNDS,11467501,640763,70332,1419,45178,15949,891,17.9,2016-07-01,2020,September,169093.71,-23398.9,403693,41.8867%
25,Tom Clancy's Rainbow Six Siege,11083172,1222013,48552,3522,137597,15414,1699,9.07,2016-07-01,2020,September,75543.34,7338.09,163478,46.2101%
26,DayZ,9251411,231718,69758,624,16937,12867,322,39.93,2016-07-01,2020,September,19895.67,5916.66,36728,54.1703%
27,Crusader Kings III,7873053,102886,64778,803,8814,10950,143,76.52,2016-07-01,2020,September,48312.51,-11865.8,98474,49.0612%
33,Destiny 2,6306724,631399,30941,1848,46274,8771,878,9.99,2016-07-01,2020,September,53312.41,-10951.33,97247,54.8217%
39,Hades,5516251,93292,57365,512,13036,7672,129,59.13,2016-07-01,2020,September,11325.52,10058.01,37586,30.1323%
42,Black Desert Online,5300431,176117,31153,510,9305,7371,244,30.1,2016-07-01,2020,September,16738.5,2236.97,22953,72.9251%
52,SMITE,4062484,199425,22614,538,16135,5650,277,20.37,2016-07-01,2020,September,13761.73,-1185.37,23567,58.3941%
54,Sea of Thieves,3854043,308828,35432,1046,29793,5360,429,12.48,2016-07-01,2020,September,9681.4,-2677.45,26959,35.9116%
57,Rust,3296832,156037,32378,606,13205,4585,217,21.13,2016-07-01,2020,September,46430.53,-6857.11,76611,60.6056%
59,World of Warships,3258798,77105,21742,202,4347,4532,107,42.26,2016-07-01,2020,September,8248.75,-1124.47,15958,51.6904%
62,FINAL FANTASY XIV Online,2985005,301407,30134,1032,18829,4151,419,9.9,2016-07-01,2020,September,18950.52,-1547.33,30188,62.775%
63,MapleStory,2962510,71324,28950,199,4810,4120,99,41.54,2016-07-01,2020,September,2176.18,-301.62,3103,70.1315%
64,VRChat,2783769,83315,81185,272,7826,3871,115,33.41,2016-07-01,2020,September,10372.42,-1069.6,16508,62.8327%
66,The Elder Scrolls Online,2609523,101938,59777,266,6986,3629,141,25.6,2016-07-01,2020,September,18863.6,-4505.8,31588,59.7176%
67,Conan Exiles,2487759,76024,29987,339,4881,3460,105,32.72,2016-07-01,2020,September,13647.11,6663.1,33819,40.3534%
69,Warframe,2383092,168983,129996,429,13228,3314,235,14.1,2016-07-01,2020,September,56330.88,-3298.15,90316,62.3709%
71,The Witcher 3: Wild Hunt,2273988,87979,25865,262,9143,3162,122,25.85,2016-07-01,2020,September,18310.61,1982.99,38742,47.2629%
75,Brawlhalla,1997763,94116,37112,272,17792,2778,130,21.23,2016-07-01,2020,September,16954.65,-58.87,33740,50.2509%
77,Medieval Dynasty,1826035,33530,33742,244,3411,2539,46,54.46,2016-07-01,2020,September,10156.13,-2508.61,18611,54.5706%
83,Monster Hunter: World,1698550,161071,11708,368,15169,2362,224,10.55,2016-07-01,2020,September,28377.83,-5407.79,62376,45.4948%
84,Street Fighter V,1655823,59773,21318,201,7645,2302,83,27.7,2016-07-01,2020,September,2047.16,-208.24,3201,63.9538%
89,Age of Empires II: Definitive Edition,1564335,27597,16058,97,2782,2175,38,56.68,2016-07-01,2020,September,12777.48,-661.95,20690,61.7568%
95,7 Days to Die,1468032,118790,9943,293,8873,2041,165,12.36,2016-07-01,2020,September,21014.22,286.22,33803,62.1667%
98,ARK: Survival Evolved,1422325,201038,5353,482,13425,1978,279,7.07,2016-07-01,2020,September,45240.48,-2530.12,73081,61.9046%
100,Left 4 Dead 2,1407674,76048,56487,801,19438,1957,105,18.51,2016-07-01,2020,September,21013.86,8384.79,100965,20.813%
101,The Elder Scrolls V: Skyrim,1403073,109242,30386,255,10928,1951,151,12.84,2016-08-01,2020,September,6195.27,-660.64,10280,60.2653%
117,Hollow Knight,1134590,57077,37304,154,6915,1578,79,19.88,2016-08-01,2020,September,3608.36,-1421.01,6134,58.8256%
120,Horizon Zero Dawn,1065842,73088,28207,228,7423,1482,101,14.58,2016-08-01,2020,September,5072.49,-10969.55,11854,42.7914%
125,Albion Online,1002035,55621,3943,123,3121,1393,77,18.02,2016-08-01,2020,September,8847.63,1703.53,13118,67.4465%
127,Wasteland 3,986946,44986,48925,234,3900,1372,62,21.94,2016-08-01,2020,September,5860.91,-1575.4566666666667,16839,34.8056%
128,Hunt: Showdown,966795,91776,6141,271,6606,1344,127,10.53,2016-08-01,2020,September,5153.44,-458.75,10451,49.3105%
130,Football Manager 2020,929656,34294,13942,131,3313,1292,47,27.11,2016-08-01,2020,September,56234.04,-4018.58,87558,64.2249%
134,Risk of Rain 2,897709,72672,20189,270,11907,1248,101,12.35,2016-08-01,2020,September,12877.78,-12372.17,24530,52.4981%
135,SCUM,852882,30692,16864,100,1962,1186,42,27.79,2016-08-01,2020,September,3877.97,262.2,7260,53.4156%
136,The Long Dark,823865,14731,6373,45,1601,1145,20,55.93,2016-08-01,2020,September,1344.77,-197.51,2202,61.0704%
137,Squad,818174,29715,29341,175,3711,1137,41,27.53,2016-08-01,2020,September,4925.72,1115.79,14953,32.9413%
138,Borderlands 3,806026,88308,22285,514,9900,1121,122,9.13,2016-08-01,2020,September,8705.12,-168.38,18328,47.4963%
140,Knight Online,792293,10666,7138,45,624,1101,14,74.28,2016-08-01,2020,September,1617.56,-75.97,2413,67.0352%
143,Call of Duty: Black Ops III,776324,125628,23893,356,18386,1079,174,6.18,2016-08-01,2020,September,2823.1,66.53,5033,56.0918%
146,PGA TOUR 2K21,764256,43806,19964,274,5633,1062,60,17.45,2016-08-01,2020,September,1438.12,-1580.29,4026,35.7208%
148,Conqueror's Blade,760945,27194,28070,87,1673,1058,37,27.98,2016-08-01,2020,September,3254.66,-656.28,9606,33.8815%
150,Yu-Gi-Oh! Duel Links,755439,21203,7483,91,2123,1050,29,35.63,2016-08-01,2020,September,7562.92,-92.79,17068,44.3105%
152,Sid Meier's Civilization VI,747032,23997,13978,113,3093,1038,33,31.13,2016-08-01,2020,September,31139.08,-2571.89,54546,57.0877%
153,NBA 2K20,742755,133054,11841,1079,18054,1033,185,5.58,2016-08-01,2020,September,19945.63,-3401.9,44087,45.2415%
155,Don't Starve Together,734241,34646,13443,109,4228,1021,48,21.19,2016-08-01,2020,September,11337.39,-2620.51,22870,49.5732%
156,Craftopia,728696,41239,29912,416,6014,1013,57,17.67,2016-08-01,2020,September,7872.57,-2370.4866666666667,26449,29.7651%
157,RimWorld,727499,32214,5498,96,2512,1011,44,22.58,2016-08-01,2020,September,15326.43,-1202.84,22093,69.3723%
160,Paladins,718439,84197,9897,205,10562,999,117,8.53,2016-08-01,2020,September,8414.26,-1810.97,14374,58.5381%
161,Factorio,709958,36501,21347,111,2784,987,50,19.45,2016-08-01,2020,September,16465.7,690.36,28351,58.078%
163,Euro Truck Simulator 2,702710,85959,9812,372,9248,977,119,8.17,2016-08-01,2020,September,15842.5,-1405.61,31409,50.4394%
165,Fallout 76,686494,66485,23171,189,4944,954,92,10.33,2016-08-01,2020,September,5168.97,-1895.32,8788,58.8185%
166,Mortal Kombat 11,678040,43234,25061,117,5226,943,60,15.68,2016-08-01,2020,September,1434.96,-323.04,3067,46.7871%
172,Farming Simulator 19,636329,74393,8825,263,5693,885,103,8.55,2016-08-01,2020,September,14503.59,-62.06,30938,46.8795%
176,Terraria,628590,70217,13389,189,9135,874,97,8.95,2016-08-01,2020,September,21643.36,-7004.22,33696,64.2312%
185,Miscreated,587617,4063,44700,26,501,817,5,144.63,2016-08-01,2020,September,424.78,94.47,792,53.6338%
187,Five Nights at Freddy's,579190,9694,108389,45,3651,805,13,59.75,2016-08-01,2020,September,67.62,-17.27,140,48.3%
192,No Man's Sky,537731,56022,8170,342,7538,747,77,9.6,2016-08-01,2020,September,8526.01,1619.51,34739,24.543%
193,Gears 5,537129,72496,24034,246,7065,747,100,7.41,2016-08-01,2020,September,291.43,-57.2,521,55.9367%
194,Grounded,537118,35463,25342,169,6648,747,49,15.15,2016-08-01,2020,September,1744.58,-3677.55,3908,44.6412%
200,They Are Billions,528998,7088,13128,24,547,735,9,74.63,2016-08-01,2020,September,2546.32,-51.16,4417,57.6482%
7,Counter-Strike: Global Offensive,58560804,1138329,434419,2976,124370,78816,1532,51.44,2016-08-01,2020,October,613666.69,6816.37,943876,65.0156%
8,Grand Theft Auto V,55833045,1225664,202629,3627,98469,75145,1649,45.55,2016-08-01,2020,October,67193.03,-854.0,128578,52.2586%
10,Phasmophobia,48599126,1876224,256449,8886,223859,65409,2525,25.9,2016-08-01,2020,October,44993.03,-11497.5,112241,40.0861%
12,Dota 2,33523506,599493,155576,1573,28700,45119,806,55.92,2016-08-01,2020,October,406361.36,-2248.43,723280,56.1831%
17,Rocket League,22032826,1210744,243644,3196,263835,29653,1629,18.2,2016-08-01,2020,October,72355.61,19247.43,140667,51.4375%
20,Dead by Daylight,18857061,941861,96000,3105,83571,25379,1267,20.02,2016-08-01,2020,October,33472.92,-6425.43,77347,43.2763%
25,Fall Guys: Ultimate Knockout,11948580,458866,241811,2953,108676,16081,617,26.04,2016-08-01,2020,October,26438.47,-40461.01,83964,31.4879%
26,Path of Exile,11720630,248166,50399,617,10170,15774,334,47.23,2016-08-01,2020,October,38437.27,6387.16,75814,50.6994%
27,PLAYERUNKNOWN'S BATTLEGROUNDS,11631269,633737,65824,1320,39663,15654,852,18.35,2016-08-01,2020,October,162585.64,-6508.07,381079,42.6645%
29,Tom Clancy's Rainbow Six Siege,10915005,1046300,55139,2528,123476,14690,1408,10.43,2016-08-01,2020,October,62956.21,-12587.13,114281,55.089%
31,NBA 2K21,8548457,572279,91190,1798,48295,11505,770,14.94,2016-08-01,2020,October,6758.98,-4498.71,12077,55.9657%
34,Destiny 2,6380496,641070,31956,1782,47421,8587,862,9.95,2016-08-01,2020,October,50809.4,-2503.01,93741,54.2019%
36,Baldur's Gate 3,5952175,127224,188863,1489,13857,8011,171,46.79,2016-08-01,2020,October,16792.37,-7060.885,48418,34.6821%
40,Hades,5071822,158810,43308,406,19661,6826,213,31.94,2016-08-01,2020,October,19587.12,8261.59,32431,60.3963%
46,Monster Hunter: World,4293586,249123,41531,1265,20536,5778,335,17.23,2016-08-01,2020,October,47069.19,18691.37,121990,38.5845%
47,Black Desert Online,4132235,150399,68099,348,7367,5561,202,27.48,2016-08-01,2020,October,14747.58,-1990.91,19307,76.3846%
48,SMITE,4025077,193068,24937,532,15667,5417,259,20.85,2016-08-01,2020,October,12330.07,-1431.66,22012,56.0152%
52,VRChat,3862852,83931,73152,287,8686,5198,112,46.02,2016-08-01,2020,October,10093.03,-279.4,17812,56.6642%
54,Brawlhalla,3712174,93240,90910,286,17484,4996,125,39.81,2016-08-01,2020,October,16926.73,-27.92,28295,59.8223%
59,Raft,3421194,102766,84743,434,15178,4604,138,33.29,2016-08-01,2020,October,12168.4,9713.15,41946,29.0097%
61,DayZ,3320353,187031,11828,463,12883,4468,251,17.75,2016-08-01,2020,October,18453.68,-1441.99,30755,60.0022%
63,World of Warships,3226354,79571,23881,224,4485,4342,107,40.55,2016-08-01,2020,October,7725.14,-523.6,15604,49.5074%
64,Rust,3181307,164491,13051,574,13628,4281,221,19.34,2016-08-01,2020,October,48550.8,2120.27,80422,60.37%
66,Sea of Thieves,2762466,244117,28813,832,24640,3717,328,11.32,2016-08-01,2020,October,6266.54,-3414.86,13235,47.3482%
75,Street Fighter V,2290912,47536,46923,136,4546,3083,63,48.19,2016-08-01,2020,October,1941.69,-105.46,3048,63.7037%
77,FINAL FANTASY XIV Online,2244372,262800,31580,910,16312,3020,353,8.54,2016-08-01,2020,October,15069.57,-3880.95,26240,57.4298%
80,MapleStory,2066500,62967,16716,170,3943,2781,84,32.82,2016-08-01,2020,October,1684.65,-491.52,2749,61.2823%
83,The Elder Scrolls Online,2000336,101350,20405,253,6569,2692,136,19.74,2016-08-01,2020,October,19102.69,239.09,32601,58.5954%
93,Squad,1500214,62291,40378,189,6289,2019,83,24.08,2016-08-01,2020,October,7690.21,2764.49,14790,51.996%
94,Noita,1474316,20329,37859,88,3011,1984,27,72.52,2016-08-01,2020,October,2043.64,1387.51,5183,39.4297%
97,ARK: Survival Evolved,1443131,190678,5816,548,15150,1942,256,7.57,2016-08-01,2020,October,41760.0,-3480.49,71828,58.1389%
99,Call of Duty: Black Ops III,1414716,164697,64809,476,23223,1904,221,8.59,2016-09-01,2020,October,3415.09,591.99,6288,54.3112%
102,DOOM Eternal,1355308,97386,30435,642,14632,1824,131,13.92,2016-09-01,2020,October,2583.85,902.44,10078,25.6385%
105,SCP: Secret Laboratory,1334406,14942,117217,75,3116,1795,20,89.31,2016-09-01,2020,October,3934.47,-171.53,7238,54.3585%
106,Warframe,1326209,120826,61550,356,9504,1784,162,10.98,2016-09-01,2020,October,41298.79,-15032.09,69891,59.0903%
108,Conan Exiles,1293693,52750,24069,155,3154,1741,70,24.52,2016-09-01,2020,October,11281.33,-2365.78,23039,48.9662%
109,Alien: Isolation,1291612,62274,17264,408,11440,1738,83,20.74,2016-09-01,2020,October,503.76,174.51,1495,33.6963%
115,7 Days to Die,1149096,107937,11121,353,8738,1546,145,10.65,2016-09-01,2020,October,17916.32,-3097.9,33560,53.3859%
116,Don't Starve Together,1143785,44918,10896,186,6561,1539,60,25.46,2016-09-01,2020,October,14124.37,2786.97,39782,35.5044%
118,The Witcher 3: Wild Hunt,1134225,80839,20107,220,8626,1526,108,14.03,2016-09-01,2020,October,13916.9,-4393.7,27402,50.7879%
120,Mafia: Definitive Edition,1086551,61766,14861,362,8863,1462,83,17.59,2016-09-01,2020,October,3239.81,-1201.555,13589,23.8414%
121,Left 4 Dead 2,1081986,77128,17264,346,18675,1456,103,14.03,2016-09-01,2020,October,21455.05,441.19,47697,44.982%
124,Resident Evil 2,1002340,60868,16454,283,8731,1349,81,16.47,2016-09-01,2020,October,880.54,-20.8,2150,40.9553%
127,Knight Online,991523,14266,7912,61,743,1334,19,69.5,2016-09-01,2020,October,1639.44,21.88,2606,62.9102%
138,Crusader Kings III,902347,31995,31883,135,2995,1214,43,28.2,2016-09-01,2020,October,20782.2,-27530.31,46009,45.1699%
139,Hunt: Showdown,897385,89660,5771,328,7170,1207,120,10.01,2016-09-01,2020,October,5213.72,60.28,15063,34.6128%
140,Yu-Gi-Oh! Duel Links,889811,22122,7843,58,2333,1197,29,40.22,2016-09-01,2020,October,8885.35,1322.42,12947,68.6286%
141,The Forest,884412,57441,14154,329,10311,1190,77,15.4,2016-09-01,2020,October,4543.26,297.28,20294,22.3872%
145,They Are Billions,837259,9170,13488,29,675,1126,12,91.3,2016-09-01,2020,October,2709.22,162.9,4647,58.3004%
147,Hearts of Iron IV,834774,16141,22861,79,1719,1123,21,51.72,2016-09-01,2020,October,21220.76,3242.82,37173,57.0865%
148,Albion Online,833799,52683,4366,116,2785,1122,70,15.83,2016-09-01,2020,October,8221.55,-626.07,12436,66.1109%
150,RuneScape,827309,53500,20562,139,4137,1113,72,15.46,2016-09-01,2020,October,8583.03,-1485.7800000000002,12508,68.6203%
151,Mortal Kombat 11,824285,52152,21905,160,6551,1109,70,15.81,2016-09-01,2020,October,1661.09,226.13,3175,52.3178%
153,The Long Dark,819071,18424,9789,74,2002,1102,24,44.46,2016-09-01,2020,October,1484.84,140.07,3361,44.1785%
158,Paladins,771899,84615,5698,255,10063,1038,113,9.12,2016-09-01,2020,October,8012.12,-402.14,16679,48.0372%
159,Farming Simulator 19,767288,87543,10739,291,6660,1032,117,8.76,2016-09-01,2020,October,16588.01,2084.41,35323,46.9609%
163,The Elder Scrolls V: Skyrim,744576,104009,8794,246,10574,1002,139,7.16,2016-09-01,2020,October,5936.55,-258.72,10084,58.871%
166,Friday the 13th: The Game,731353,34519,110616,218,6573,984,46,21.19,2016-09-01,2020,October,334.3,2.16,783,42.6948%
168,RimWorld,717554,32298,9066,83,2359,965,43,22.22,2016-09-01,2020,October,13851.02,-1475.41,19572,70.7696%
170,Outlast,709692,47094,12207,580,14041,955,63,15.07,2016-09-01,2020,October,256.25,83.69,2049,12.5061%
173,Euro Truck Simulator 2,696710,102814,6382,371,10774,937,138,6.78,2016-09-01,2020,October,19126.06,3283.56,42180,45.3439%
175,Medieval Dynasty,687227,28996,20248,162,2619,924,39,23.7,2016-09-01,2020,October,4847.34,-5308.79,13903,34.8654%
177,Dying Light,651448,39571,106181,180,6216,876,53,16.46,2016-09-01,2020,October,6206.29,1609.81,16436,37.7603%
178,Gears 5,635620,65160,8085,233,6690,855,87,9.75,2016-09-01,2020,October,252.93,-38.5,412,61.3908%
181,Call of Duty: Black Ops II,623668,23071,59194,90,6832,839,31,27.03,2016-09-01,2020,October,189.66,-10.46,329,57.6474%
185,Factorio,597892,29036,11945,94,2291,804,39,20.59,2016-09-01,2020,October,13746.76,-2718.95,23613,58.2169%
187,Conqueror's Blade,584995,28835,26683,97,1640,787,38,20.29,2016-09-01,2020,October,3761.53,506.86,10364,36.2942%
193,Hollow Knight,566788,52852,21166,145,6574,762,71,10.72,2016-09-01,2020,October,3100.24,-508.11,6077,51.016%
195,Subnautica,546799,48806,7467,139,6421,735,65,11.2,2016-09-01,2020,October,2224.1,-185.22,4427,50.2394%
197,For Honor,533283,41270,10087,134,5377,717,55,12.92,2016-09-01,2020,October,2866.85,-676.27,4767,60.1395%
199,Arma 3,530432,55798,14352,326,4762,713,75,9.51,2016-09-01,2020,October,13527.22,823.09,27524,49.147%
200,Slay the Spire,528444,14904,20710,47,2367,711,20,35.46,2016-09-01,2020,October,5708.81,204.06,10695,53.3783%
6,Counter-Strike: Global Offensive,60714096,1297659,551755,3544,139791,84442,1804,46.79,2016-09-01,2020,November,668754.58,55087.89,1037464,64.4605%
8,Grand Theft Auto V,51712871,1359793,201218,4209,116010,71923,1891,38.03,2016-09-01,2020,November,76718.34,9525.31,157355,48.7549%
12,Apex Legends,43586635,2934376,266326,9790,241200,60621,4081,14.85,2016-09-01,2020,November,74957.26,-10487.5,117193,63.9605%
14,Dota 2,40955503,626431,222257,1585,30556,56961,871,65.38,2016-09-01,2020,November,425904.83,19543.48,711824,59.8329%
19,Dead by Daylight,19286691,995939,94557,3242,84563,26824,1385,19.37,2016-09-01,2020,November,36283.14,2810.21,75075,48.3292%
20,Rocket League,19132066,1160498,147604,3245,248683,26609,1614,16.49,2016-09-01,2020,November,67550.39,-4805.22,128577,52.5369%
21,Destiny 2,18006507,1388181,402791,20975,78270,25043,1930,12.97,2016-09-01,2020,November,99899.97,49090.57,241843,41.3078%
25,Phasmophobia,13703352,1122042,132592,8907,163492,19058,1560,12.21,2016-09-01,2020,November,36602.96,-8390.08,99089,36.9395%
26,PLAYERUNKNOWN'S BATTLEGROUNDS,13700206,637623,74944,1363,41370,19054,886,21.49,2016-09-01,2020,November,179520.26,16934.62,438919,40.9005%
29,Tom Clancy's Rainbow Six Siege,11429341,850246,82802,2217,103334,15896,1182,13.44,2016-09-01,2020,November,55307.46,-7648.75,94968,58.238%
30,NBA 2K21,10749389,516639,79724,1609,46969,14950,718,20.81,2016-09-01,2020,November,6033.57,-725.41,14029,43.0078%
37,Brawlhalla,6657396,98164,165626,258,18414,9259,136,67.82,2016-09-01,2020,November,18146.77,1220.04,30784,58.9487%
40,Rust,6303313,211478,50077,752,17076,8766,294,29.81,2016-09-01,2020,November,55408.03,6857.23,101365,54.6619%
45,Fall Guys: Ultimate Knockout,5273887,222244,247502,603,51787,7335,309,23.73,2016-09-01,2020,November,12792.8,-13645.66,22737,56.2642%
47,Path of Exile,4768549,136899,37191,661,6058,6632,190,34.83,2016-09-01,2020,November,17842.89,-20594.38,37936,47.0342%
48,Yakuza: Like a Dragon,4592032,93368,41207,540,4851,6386,129,49.18,2016-09-01,2020,November,5031.06,-2786.06,9508,52.914%
51,DayZ,4027702,186618,35884,506,13146,5601,259,21.58,2016-09-01,2020,November,19362.78,909.1,33979,56.9845%
52,VRChat,4023302,92517,50325,360,9832,5595,128,43.49,2016-09-01,2020,November,11845.63,1752.6,19368,61.1608%
53,SMITE,3995849,204422,24941,579,16327,5557,284,19.55,2016-09-01,2020,November,13492.88,1162.81,22689,59.4688%
54,Hades,3456391,137448,23916,419,19081,4807,191,25.15,2016-09-01,2020,November,18029.89,-1557.22,30509,59.097%
56,Sea of Thieves,3432018,290694,42929,877,29024,4773,404,11.81,2016-09-01,2020,November,10692.52,4425.98,27087,39.4747%
61,Black Desert Online,2931252,134571,15276,295,6678,4076,187,21.78,2016-09-01,2020,November,13822.52,-925.06,19142,72.2104%
68,World of Warships,2603755,72500,11263,203,4157,3621,100,35.91,2016-09-01,2020,November,7108.52,-616.63,14343,49.5609%
71,MapleStory,2499864,70638,23520,194,4250,3476,98,35.39,2016-09-01,2020,November,1791.85,107.2,3311,54.1181%
78,The Elder Scrolls Online,2148749,86462,21296,231,5922,2988,120,24.85,2016-09-01,2020,November,16956.13,-2146.56,33807,50.1557%
80,Raft,2025716,73908,37642,244,11533,2817,102,27.41,2016-09-01,2020,November,8591.71,-3576.69,22023,39.0124%
83,ARK: Survival Evolved,1980616,239794,27252,626,20083,2754,333,8.26,2016-09-01,2020,November,56425.6,14665.6,98433,57.3239%
84,Teardown,1966486,14577,53899,79,3463,2735,20,134.9,2016-10-01,2020,November,1955.85,-1218.59,6734,29.0444%
88,Street Fighter V,1833880,45469,44026,117,4290,2550,63,40.33,2016-10-01,2020,November,2119.55,177.86,3314,63.9575%
89,FINAL FANTASY XIV Online,1826227,219617,36989,765,14818,2539,305,8.32,2016-10-01,2020,November,12661.01,-2408.57,20458,61.8878%
93,Football Manager 2021,1765883,33309,24785,333,2348,2456,46,53.02,2016-10-01,2020,November,38659.84,12906.94,84149,45.9421%
94,War Thunder,1723826,89507,28053,345,7856,2397,124,19.26,2016-10-01,2020,November,28444.6,7482.61,55865,50.9167%
101,Hunt: Showdown,1523797,97493,23308,313,7871,2119,135,15.63,2016-10-01,2020,November,6242.3,1028.58,16523,37.7795%
105,Warframe,1355076,116308,46086,268,9360,1884,161,11.65,2016-10-01,2020,November,39914.02,-1384.76,68553,58.2236%
108,7 Days to Die,1320899,137202,10068,346,10520,1837,190,9.63,2016-10-01,2020,November,23321.81,5405.48,37599,62.0277%
109,Mortal Kombat 11,1293205,72425,24474,375,9044,1798,100,17.86,2016-10-01,2020,November,2675.26,1014.17,7025,38.082%
111,Monster Hunter: World,1230488,128856,12277,292,12875,1711,179,9.55,2016-10-01,2020,November,24913.25,-22155.95,57301,43.4779%
112,They Are Billions,1224093,9771,15967,31,757,1702,13,125.28,2016-10-01,2020,November,3362.64,653.42,6167,54.5263%
122,Farming Simulator 19,1143995,93076,21901,320,7309,1591,129,12.29,2016-10-01,2020,November,18502.49,1914.48,40136,46.0995%
123,Slay the Spire,1129617,16845,9803,50,2650,1571,23,67.06,2016-10-01,2020,November,6139.61,430.8,9696,63.3211%
127,Euro Truck Simulator 2,1081559,101940,21960,444,11261,1504,141,10.61,2016-10-01,2020,November,19963.44,837.38,44320,45.0439%
133,Don't Starve Together,1009920,52344,7894,141,7223,1404,72,19.29,2016-10-01,2020,November,15836.72,1712.35,34678,45.6679%
144,The Witcher 3: Wild Hunt,926853,86758,15692,249,9719,1289,120,10.68,2016-10-01,2020,November,17111.12,3194.22,37517,45.609%
145,The Forest,921826,92843,26888,345,14729,1282,129,9.93,2016-10-01,2020,November,8396.19,3852.94,25440,33.0039%
147,Knight Online,893744,14653,8136,61,786,1243,20,60.99,2016-10-01,2020,November,1628.19,-11.25,2720,59.8599%
149,RimWorld,884181,35940,15872,96,2691,1229,49,24.6,2016-10-01,2020,November,14769.24,918.22,20737,71.2217%
150,Stardew Valley,878089,79119,15858,217,11995,1221,110,11.1,2016-10-01,2020,November,13803.92,1743.87,22453,61.4792%
152,Noita,858867,20665,19222,59,2681,1194,28,41.56,2016-10-01,2020,November,2405.41,361.77,3705,64.9233%
154,The Elder Scrolls V: Skyrim,815667,108492,21018,261,11542,1134,150,7.52,2016-10-01,2020,November,6165.86,229.31,10453,58.9865%
156,Hollow Knight,800853,139622,14176,392,17671,1113,194,5.74,2016-10-01,2020,November,3941.05,840.81,8364,47.1192%
161,Paladins,763800,90933,2493,234,11469,1062,126,8.4,2016-10-01,2020,November,9265.41,1253.28,16035,57.7824%
162,Conqueror's Blade,750741,33235,15299,117,2024,1044,46,22.59,2016-10-01,2020,November,3751.21,-10.32,10341,36.2751%
165,Golf With Your Friends,728203,14987,86370,86,5173,1012,20,48.59,2016-10-01,2020,November,859.04,226.02,2304,37.2847%
166,Albion Online,724280,46885,2748,108,2525,1007,65,15.45,2016-10-01,2020,November,7767.72,-453.84,12254,63.3893%
167,Gears 5,716227,74875,12073,325,7802,996,104,9.57,2016-10-01,2020,November,456.87,203.94,1996,22.8893%
173,Subnautica,694559,56220,9955,176,7272,966,78,12.35,2016-10-01,2020,November,2761.67,537.57,4950,55.7913%
174,Borderlands 3,683268,56902,13216,171,6740,950,79,12.01,2016-10-01,2020,November,5728.6,133.48,15189,37.7155%
175,Squad,682590,35418,27700,118,3748,949,49,19.27,2016-10-01,2020,November,5711.32,-1978.89,10307,55.4121%
177,Yu-Gi-Oh! Duel Links,674357,22301,5505,71,2248,937,31,30.24,2016-10-01,2020,November,8252.98,-632.36,11299,73.0417%
180,RuneScape,666714,49850,8816,148,3551,927,69,13.37,2016-10-01,2020,November,7133.66,-1449.38,12340,57.8092%
181,Resident Evil 2,665067,47195,8355,327,7028,924,65,14.09,2016-10-01,2020,November,1084.55,204.01,2428,44.6685%
183,Friday the 13th: The Game,648659,27330,114038,436,5445,902,38,23.73,2016-10-01,2020,November,338.24,3.95,1090,31.0312%
184,Call of Duty: Black Ops III,639184,127282,9635,437,19735,888,177,5.02,2016-10-01,2020,November,2974.68,-440.41,6583,45.1873%
186,Garry's Mod,631660,24053,27883,104,4995,878,33,26.26,2016-10-01,2020,November,24014.45,1239.41,41428,57.9667%
193,Fallout 76,586992,73962,17644,262,5948,816,102,7.94,2016-10-01,2020,November,6679.08,244.9,12735,52.4466%
194,Sid Meier's Civilization VI,583169,28971,10788,116,3424,811,40,20.13,2016-10-01,2020,November,33946.42,1452.5,53338,63.644%
195,Terraria,575874,96416,16798,253,12317,800,134,5.97,2016-10-01,2020,November,30765.52,3940.52,45815,67.1516%
198,Alien: Isolation,559418,34388,15486,391,6744,778,47,16.27,2016-10-01,2020,November,431.62,-72.14,1299,33.2271%
7,Cyberpunk 2077,63683090,2587517,1126038,35125,232288,85710,3482,24.61,2016-10-01,2020,December,332395.65,0.0,830387,40.029%
8,Grand Theft Auto V,61709131,1807602,262859,6530,172265,83054,2432,34.14,2016-10-01,2020,December,106914.27,30195.93,258539,41.3532%
9,Counter-Strike: Global Offensive,60757021,1426365,387473,3961,154721,81772,1919,42.6,2016-10-01,2020,December,717803.75,49049.17,1164396,61.646%
13,Dota 2,42881664,631156,243589,1506,30337,57714,849,67.94,2016-10-01,2020,December,422552.32,-3352.52,697833,60.5521%
15,Apex Legends,35472272,2536048,149460,5828,208690,47741,3413,13.99,2016-10-01,2020,December,64469.75,-10487.5,112076,57.5232%
17,Rocket League,22353684,1246148,139113,3372,265728,30085,1677,17.94,2016-10-01,2020,December,65765.07,-1785.32,135714,48.4586%
19,Dead by Daylight,19981739,1048473,79655,2857,83419,26893,1411,19.06,2016-10-01,2020,December,35632.18,-650.96,54526,65.349%
20,Rust,19209195,251897,330443,877,21980,25853,339,76.26,2016-10-01,2020,December,61171.65,5763.61,97445,62.7756%
27,PLAYERUNKNOWN'S BATTLEGROUNDS,11247123,665913,78588,1364,43142,15137,896,16.89,2016-10-01,2020,December,189233.58,9713.32,444680,42.555%
29,Tom Clancy's Rainbow Six Siege,11040735,1049311,63981,2589,124865,14859,1412,10.52,2016-10-01,2020,December,70721.5,15414.04,123374,57.3229%
34,DayZ,8114860,236150,59851,605,17342,10921,317,34.36,2016-10-01,2020,December,22811.98,3449.2,40337,56.5535%
35,Destiny 2,8042552,773754,55622,2931,56761,10824,1041,10.39,2016-10-01,2020,December,67000.69,-32899.28,139723,47.9525%
36,Phasmophobia,6922034,639238,88767,2373,110260,9316,860,10.83,2016-10-01,2020,December,21998.04,-14604.92,45537,48.3081%
39,Fall Guys: Ultimate Knockout,6140810,245465,307786,1210,53766,8264,330,25.02,2016-10-01,2020,December,13369.77,576.97,28612,46.7278%
42,NBA 2K21,5744707,531210,151940,1555,46862,7731,714,10.81,2016-10-01,2020,December,8511.98,2478.42,17152,49.6267%
44,Black Desert Online,4764346,159945,37514,554,8159,6412,215,29.79,2016-10-01,2020,December,14150.67,328.15,22203,63.7331%
45,Sea of Thieves,4201273,318665,57023,1151,33662,5654,428,13.18,2016-10-01,2020,December,13250.22,2557.7,45381,29.1977%
50,Path of Exile,3886274,117463,30439,949,5413,5230,158,33.09,2016-10-01,2020,December,12697.63,-5145.26,36730,34.5702%
53,Raft,3790376,104430,65152,450,17047,5101,140,36.3,2016-10-01,2020,December,11313.76,2722.05,30391,37.2273%
54,VRChat,3699886,101031,51764,393,10451,4979,135,36.62,2016-10-01,2020,December,12744.08,898.45,20742,61.4409%
55,SMITE,3510922,200209,12971,555,16680,4725,269,17.54,2016-10-01,2020,December,12195.26,-1297.62,20848,58.4961%
56,FINAL FANTASY XIV Online,3444967,435487,29413,2459,21285,4636,586,7.91,2016-10-01,2020,December,14751.09,2090.09,23767,62.0654%
57,World of Warships,3411814,77748,62728,198,4202,4591,104,43.88,2016-10-01,2020,December,7361.13,252.62,14254,51.6426%
59,Hunt: Showdown,3239790,122757,35387,368,9150,4360,165,26.39,2016-10-01,2020,December,7204.06,961.76,15539,46.3612%
67,MapleStory,2785839,101260,20464,427,6435,3749,136,27.51,2016-10-01,2020,December,2494.31,702.46,3956,63.0513%
74,Stardew Valley,2525032,154976,30624,715,23020,3398,208,16.29,2016-10-01,2020,December,29620.71,15816.79,89311,33.1658%
76,Hades,2364714,128707,74738,384,19608,3182,173,18.37,2016-10-01,2020,December,17602.44,-427.45,29764,59.14%
79,The Elder Scrolls Online,2258462,94068,29125,251,6811,3039,126,24.01,2016-10-01,2020,December,17804.64,848.52,29617,60.1163%
82,Yakuza: Like a Dragon,2143165,58497,29447,206,3992,2884,78,36.64,2016-10-01,2020,December,2245.0,-2786.06,4740,47.3629%
84,Football Manager 2021,2070512,40356,24131,146,2673,2786,54,51.31,2016-10-01,2020,December,51566.79,12906.94,89937,57.3366%
86,ARK: Survival Evolved,1984514,270661,14509,695,22907,2670,364,7.33,2016-10-01,2020,December,56324.05,-101.54,86471,65.1363%
94,Spellbreak,1667843,41936,78725,212,7972,2244,56,39.77,2016-10-01,2020,December,2451.11,0.0,4745,51.6567%
97,Don't Starve Together,1617267,63050,13977,158,8416,2176,84,25.65,2016-11-01,2020,December,19534.92,3698.2,40791,47.8903%
100,Bloons TD 6,1570568,27015,66316,132,5600,2113,36,58.14,2016-11-01,2020,December,12286.64,8201.58,32151,38.2154%
101,War Thunder,1550956,93093,24085,335,7859,2087,125,16.66,2016-11-01,2020,December,27036.2,-1408.4,49784,54.307%
104,Street Fighter V,1487591,46113,21371,119,4282,2002,62,32.26,2016-11-01,2020,December,2117.99,-1.56,3235,65.4711%
109,7 Days to Die,1389434,129851,9909,339,10519,1870,174,10.7,2016-11-01,2020,December,21441.63,-1880.18,35208,60.8999%
110,Golf It!,1376590,7291,97994,45,2630,1852,9,188.81,2016-11-01,2020,December,1002.09,220.2,2588,38.7206%
112,Slay the Spire,1342640,21279,9087,59,3196,1807,28,63.1,2016-11-01,2020,December,7279.22,1139.61,10297,70.6926%
113,Golf With Your Friends,1338418,18122,75556,85,6190,1801,24,73.86,2016-11-01,2020,December,943.66,84.62,2838,33.2509%
116,Farming Simulator 19,1307920,91228,35698,304,7371,1760,122,14.34,2016-11-01,2020,December,18016.72,-485.77,36707,49.0825%
119,Mortal Kombat 11,1246965,65024,18466,204,8410,1678,87,19.18,2016-11-01,2020,December,2490.35,-184.92,5129,48.5543%
122,Euro Truck Simulator 2,1198546,126271,27353,503,14023,1613,169,9.49,2016-11-01,2020,December,23951.65,3988.21,53896,44.4405%
129,Monster Hunter: World,1070676,127412,10939,304,13576,1441,171,8.4,2016-11-01,2020,December,25810.45,897.2,55776,46.2752%
131,Warframe,1061985,117687,31573,327,9720,1429,158,9.02,2016-11-01,2020,December,35990.05,-3923.97,70305,51.1913%
132,Cuphead,1056322,37553,88216,119,8998,1421,50,28.13,2016-11-01,2020,December,1158.56,397.11,2270,51.0379%
135,Hollow Knight,1018361,106854,25159,291,13017,1370,143,9.53,2016-11-01,2020,December,5034.23,1093.18,9573,52.5878%
137,The Forest,1006939,121462,34903,649,19827,1355,163,8.29,2016-11-01,2020,December,10561.9,2165.71,29909,35.3135%
140,Knight Online,990958,18586,9769,73,949,1333,25,53.32,2016-11-01,2020,December,1673.53,45.34,2756,60.7231%
142,Brawlhalla,971429,98801,69884,258,19467,1307,132,9.83,2016-11-01,2020,December,16424.52,-1722.25,27963,58.7366%
144,The Elder Scrolls V: Skyrim,934734,138481,8384,356,15122,1258,186,6.75,2016-11-01,2020,December,5799.18,-366.68,9478,61.1857%
150,Gears 5,897846,82765,13419,278,8663,1208,111,10.85,2016-11-01,2020,December,1293.08,836.21,2780,46.5137%
151,The Witcher 3: Wild Hunt,886772,78731,15231,235,9657,1193,105,11.26,2016-11-01,2020,December,21141.69,4030.56,41042,51.5123%
153,RimWorld,876688,35331,6435,99,2771,1179,47,24.81,2016-11-01,2020,December,14277.14,-492.11,22168,64.4043%
157,They Are Billions,849148,8944,11545,28,630,1142,12,94.94,2016-11-01,2020,December,2874.49,-488.16,4899,58.675%
160,Yu-Gi-Oh! Duel Links,837947,21668,6328,63,2236,1127,29,38.67,2016-11-01,2020,December,7631.56,-621.42,10377,73.543%
163,Conqueror's Blade,797975,30474,47589,101,1815,1073,41,26.19,2016-11-01,2020,December,3405.47,-345.73,10365,32.8555%
164,Outward,786290,12620,16433,56,1443,1058,16,62.31,2016-11-01,2020,December,1767.09,1266.98,4664,37.8879%
166,Paladins,773159,89813,6197,225,11337,1040,120,8.61,2016-11-01,2020,December,8752.76,-512.64,14585,60.0121%
169,RuneScape,748311,48068,8018,120,3281,1007,64,15.57,2016-11-01,2020,December,5611.48,-1522.18,8161,68.7597%
172,Terraria,731117,98903,5486,265,13033,984,133,7.39,2016-11-01,2020,December,28858.27,-1907.25,43285,66.6704%
173,Metin2,726045,25554,4081,86,1984,977,34,28.41,2016-11-01,2020,December,1043.75,131.78,1825,57.1918%
179,Albion Online,678411,43987,2635,105,2439,913,59,15.42,2016-11-01,2020,December,7093.44,-674.27,11038,64.2638%
180,For Honor,670253,49644,8576,191,6249,902,66,13.5,2016-11-01,2020,December,3216.85,384.36,5877,54.7363%
181,Oxygen Not Included,636007,22579,13469,80,2367,855,30,28.17,2016-11-01,2020,December,10220.0,4313.28,19511,52.3807%
183,Left 4 Dead 2,617853,56808,35057,223,13301,831,76,10.88,2016-11-01,2020,December,18330.04,-50.64,33893,54.0821%
184,Garry's Mod,606323,25966,10635,103,5359,816,34,23.35,2016-11-01,2020,December,24362.55,348.1,41597,58.568%
189,Sid Meier's Civilization VI,549659,27764,10852,101,3352,739,37,19.8,2016-11-01,2020,December,32816.95,-1129.47,55126,59.5308%
192,A Way Out,544924,23367,51334,91,4762,733,31,23.32,2016-11-01,2020,December,334.1,-199.52,1090,30.6514%
197,Outlast,519209,27662,97966,107,8728,698,37,18.77,2016-11-01,2020,December,350.53,-75.47,1052,33.3203%
199,Fallout 76,515422,79420,3226,201,6147,693,106,6.49,2016-11-01,2020,December,7044.36,365.28,11484,61.3406%
2,Rust,190468488,1147089,1373791,3249,91592,256350,1543,166.05,2016-11-01,2021,January,142117.25,80945.6,244394,58.1509%
8,Grand Theft Auto V,74060698,2032778,327587,5660,185072,99677,2735,36.43,2016-11-01,2021,January,101250.59,-5663.68,184941,54.7475%
9,Counter-Strike: Global Offensive,60899705,1669538,592921,4598,178120,81964,2247,36.48,2016-11-01,2021,January,743209.66,25405.91,1124553,66.0893%
13,Dota 2,39545934,721543,153186,1810,33400,53224,971,54.81,2016-11-01,2021,January,432671.65,10119.33,694613,62.2896%
14,Apex Legends,36579530,2836621,154317,7377,232847,49232,3817,12.9,2016-11-01,2021,January,71766.74,7296.99,129928,55.2358%
18,Rocket League,23152587,1395752,147234,3824,293877,31160,1878,16.59,2016-11-01,2021,January,59449.16,-6315.92,112482,52.8522%
19,Path of Exile,21259181,360277,295628,4123,16957,28612,484,59.01,2016-11-01,2021,January,47685.61,34987.98,157091,30.3554%
20,Dead by Daylight,20368547,1164712,70745,2752,94512,27413,1567,17.49,2016-11-01,2021,January,36342.49,710.31,53583,67.8247%
23,Tom Clancy's Rainbow Six Siege,17494442,1270903,106881,3415,148541,23545,1710,13.77,2016-11-01,2021,January,77717.42,6995.92,123637,62.8594%
27,PLAYERUNKNOWN'S BATTLEGROUNDS,11953142,718778,157160,1521,46576,16087,967,16.63,2016-11-01,2021,January,201247.19,12013.61,451998,44.5239%
32,SMITE,7767850,259115,97040,873,20972,10454,348,29.98,2016-11-01,2021,January,14784.05,2588.78,31169,47.4319%
35,Stardew Valley,7548952,316734,42766,767,37286,10160,426,23.83,2016-11-01,2021,January,57166.55,27545.84,94479,60.5071%
37,Bloons TD 6,6791171,76607,70898,235,13867,9140,103,88.65,2016-11-01,2021,January,19866.81,7580.17,43590,45.5765%
40,Destiny 2,6369404,614106,22283,1826,46462,8572,826,10.37,2016-11-01,2021,January,44864.92,-22135.76,79290,56.5833%
43,NBA 2K21,5951306,620744,38259,1840,55995,8009,835,9.59,2016-11-01,2021,January,10441.62,1929.64,17652,59.1526%
45,Phasmophobia,5523702,588735,66599,1901,103416,7434,792,9.38,2016-11-01,2021,January,20104.56,-1893.48,42360,47.4612%
46,Sea of Thieves,5265966,475480,62563,1582,49740,7087,639,11.08,2016-11-01,2021,January,21555.18,8304.96,52916,40.7347%
47,DayZ,4805164,282908,65761,682,20551,6467,380,16.98,2016-11-01,2021,January,26336.03,3524.05,45236,58.2192%
50,Black Desert Online,4327527,183112,13036,391,9275,5824,246,23.63,2016-11-01,2021,January,17367.16,3216.49,23806,72.9529%
53,Fall Guys: Ultimate Knockout,3880897,225725,57818,574,49867,5223,303,17.19,2016-11-01,2021,January,10945.21,-2424.56,20457,53.5035%
58,Cyberpunk 2077,3525001,445251,32236,1632,43231,4744,599,7.92,2016-11-01,2021,January,82146.66,-250248.99,225670,36.4012%
59,VRChat,3403258,109989,35446,531,12124,4580,148,30.94,2016-11-01,2021,January,14910.12,2166.03,26251,56.7983%
61,World of Warships,3101612,84013,13211,216,4737,4174,113,36.92,2016-11-01,2021,January,8055.0,693.87,14059,57.2943%
64,MapleStory,3028698,107564,18630,309,6319,4076,144,28.16,2016-11-01,2021,January,2519.12,24.8,3849,65.4487%
66,The Elder Scrolls Online,2898143,114003,107828,343,8218,3900,153,25.42,2016-11-01,2021,January,19150.22,1345.58,33069,57.9099%
68,FINAL FANTASY XIV Online,2870817,368697,16337,1711,21760,3863,496,7.79,2016-11-01,2021,January,16917.22,2166.13,24876,68.0062%
69,Raft,2792826,138873,55492,442,21549,3758,186,20.11,2016-11-01,2021,January,12998.21,1684.45,30747,42.2747%
77,ARK: Survival Evolved,2435003,362311,12065,948,31588,3277,487,6.72,2016-11-01,2021,January,63160.05,6836.0,92006,68.6478%
80,Don't Starve Together,2385739,70084,88541,177,8984,3210,94,34.04,2016-11-01,2021,January,20806.9,1271.98,42565,48.8827%
84,Hades,2359831,147655,125095,447,21202,3176,198,15.98,2016-11-01,2021,January,18775.48,1173.04,35048,53.5708%
91,Slay the Spire,1870558,25323,11970,63,3741,2517,34,73.87,2016-11-01,2021,January,8104.45,825.23,11077,73.1647%
95,Skul: The Hero Slayer,1831057,32768,39947,207,5316,2464,44,55.88,2016-11-01,2021,January,4038.7,3832.27,18876,21.396%
97,The Forest,1668115,229930,32135,682,32810,2245,309,7.25,2016-11-01,2021,January,13559.27,2997.37,32817,41.3178%
99,Terraria,1665269,120082,46914,326,15868,2241,161,13.87,2016-11-01,2021,January,34045.3,5187.03,47087,72.303%
103,Monster Hunter: World,1589793,162954,15800,334,16711,2139,219,9.76,2016-11-01,2021,January,30795.24,4984.79,56758,54.2571%
104,Football Manager 2021,1571728,40765,23864,141,2844,2115,54,38.56,2016-11-01,2021,January,55982.74,4415.95,93775,59.699%
105,7 Days to Die,1554041,165771,26704,404,12949,2091,223,9.37,2016-11-01,2021,January,25366.69,3925.06,39581,64.088%
106,Hunt: Showdown,1489352,135410,5736,389,10147,2004,182,11.0,2016-11-01,2021,January,7484.3,280.24,15265,49.0292%
107,Farming Simulator 19,1466833,105204,18862,372,8484,1974,141,13.94,2016-11-01,2021,January,18998.34,981.63,37332,50.8902%
108,Eco,1456513,15318,10414,69,1092,1960,20,95.09,2016-11-01,2021,January,1821.28,755.56,4935,36.9054%
111,Street Fighter V,1388220,49038,31577,128,4588,1868,66,28.31,2016-12-01,2021,January,2275.2,157.21,3459,65.7762%
113,The Elder Scrolls V: Skyrim,1350545,167379,109306,391,17560,1817,225,8.07,2016-12-01,2021,January,6282.77,483.59,10446,60.1452%
120,RimWorld,1262018,45851,18532,117,3546,1698,61,27.52,2016-12-01,2021,January,18661.34,4384.21,26982,69.1622%
126,Hollow Knight,1235736,117767,7507,294,13886,1663,158,10.49,2016-12-01,2021,January,6291.04,1256.82,9879,63.6809%
129,Euro Truck Simulator 2,1180039,139367,16386,526,14904,1588,187,8.47,2016-12-01,2021,January,24090.05,138.39,51312,46.9482%
137,Knight Online,1075366,19016,5481,82,1029,1447,25,56.55,2016-12-01,2021,January,1784.95,111.42,2952,60.4658%
138,Mortal Kombat 11,1070881,64856,25101,173,8600,1441,87,16.51,2016-12-01,2021,January,2276.38,-213.97,4593,49.5619%
139,Warframe,1062294,126643,66610,311,10055,1429,170,8.39,2016-12-01,2021,January,36124.14,134.09,60019,60.1878%
143,They Are Billions,1031923,11001,11826,33,762,1388,14,93.8,2016-12-01,2021,January,3027.55,153.06,5070,59.715%
146,My Summer Car,989802,8507,10874,32,893,1332,11,116.35,2016-12-01,2021,January,870.02,192.89,1652,52.6646%
150,Brawlhalla,908423,104203,27011,276,21347,1222,140,8.72,2016-12-01,2021,January,16032.66,-391.86,28076,57.1045%
151,Paladins,906252,109374,6450,274,14054,1219,147,8.29,2016-12-01,2021,January,10025.56,1272.79,17456,57.4333%
153,Dyson Sphere Program,892900,23271,32120,190,2463,1201,31,38.37,2016-12-01,2021,January,25524.93,6285.57,59339,43.0154%
155,Yu-Gi-Oh! Duel Links,879106,25782,8161,70,2797,1183,34,34.1,2016-12-01,2021,January,9546.31,1914.75,13780,69.2766%
157,The Witcher 3: Wild Hunt,842700,85842,9851,221,9031,1134,115,9.82,2016-12-01,2021,January,20702.44,-439.25,42783,48.3894%
158,Subnautica,809434,87455,11097,240,11658,1089,117,9.26,2016-12-01,2021,January,4079.69,1063.35,6876,59.3323%
160,Gears 5,792444,86394,6329,260,8865,1066,116,9.17,2016-12-01,2021,January,991.95,-301.13,2386,41.5738%
161,RuneScape,792101,52051,6024,128,3488,1066,70,15.22,2016-12-01,2021,January,5998.22,386.74,8839,67.8608%
162,War Thunder,791050,91247,17876,233,8555,1064,122,8.67,2016-12-01,2021,January,27477.69,441.49,39887,68.8888%
163,Golf With Your Friends,789887,26727,26974,130,8871,1063,35,29.55,2016-12-01,2021,January,1237.61,293.95,3448,35.8936%
174,Green Hell,725328,27552,24390,184,4167,976,37,26.33,2016-12-01,2021,January,3032.6,1260.43,13035,23.2651%
177,Sid Meier's Civilization VI,709830,34751,13914,122,4034,955,46,20.43,2016-12-01,2021,January,36731.49,3914.54,65951,55.6951%
179,Beat Saber,706799,54513,151270,166,10656,951,73,12.97,2016-12-01,2021,January,2125.97,422.27,3991,53.2691%
180,Metin2,699465,27063,37689,93,2051,941,36,25.85,2016-12-01,2021,January,1025.22,-18.54,1749,58.6175%
181,Albion Online,676357,45861,4929,110,2791,910,61,14.75,2016-12-01,2021,January,7280.04,186.6,12394,58.7384%
182,Left 4 Dead 2,662445,64943,108971,227,14564,891,87,10.2,2016-12-01,2021,January,19585.17,1255.14,34475,56.8098%
184,Resident Evil 2,650717,62450,6327,217,9432,875,84,10.42,2016-12-01,2021,January,1557.17,457.18,3600,43.2547%
186,Cuphead,644974,42554,132109,119,9828,868,57,15.16,2016-12-01,2021,January,1243.06,84.5,2194,56.6572%
188,Satisfactory,614380,58877,5676,178,5464,826,79,10.43,2016-12-01,2021,January,10306.14,958.73,19316,53.3555%
193,Mount & Blade II: Bannerlord,582576,18957,24455,54,1909,784,25,30.73,2016-12-01,2021,January,13377.37,3543.27,20790,64.3452%
200,Garry's Mod,562151,31882,39103,134,6751,756,42,17.63,2016-12-01,2021,January,28054.43,3691.88,46668,60.1149%
3,Grand Theft Auto V,137704722,2006058,506815,6008,175699,205223,2989,68.64,2016-12-01,2021,February,90647.64,-10602.95,146438,61.9017%
8,Counter-Strike: Global Offensive,67578481,1507029,607485,4460,161814,100713,2245,44.84,2016-12-01,2021,February,741013.24,-2196.42,1123485,65.9567%
9,Apex Legends,51757131,4059568,208798,13184,303619,77134,6050,12.75,2016-12-01,2021,February,120982.64,49215.9,196799,61.4752%
10,Rust,44335563,599060,331005,3092,47558,66073,892,74.01,2016-12-01,2021,February,117742.27,-24374.98,224276,52.4988%
11,Dota 2,38907873,614150,218653,1725,29522,57984,915,63.35,2016-12-01,2021,February,404832.13,-27839.52,651615,62.1275%
16,Tom Clancy's Rainbow Six Siege,25312837,1115909,187752,3167,135002,37724,1663,22.68,2016-12-01,2021,February,72382.76,-5334.66,113338,63.8645%
19,PLAYERUNKNOWN'S BATTLEGROUNDS,20043349,631560,172924,1538,40534,29870,941,31.74,2016-12-01,2021,February,198957.52,-2289.67,447390,44.4707%
20,Rocket League,19693087,1170093,227721,3652,254500,29348,1743,16.83,2016-12-01,2021,February,53723.01,-5726.15,103429,51.9419%
23,Dead by Daylight,18129050,1060997,62534,2641,87275,27017,1581,17.09,2016-12-01,2021,February,35348.46,-994.04,52322,67.5595%
26,Path of Exile,13332160,284633,57055,739,11971,19869,424,46.84,2016-12-01,2021,February,46919.9,-765.71,90539,51.8229%
32,ARK: Survival Evolved,9847443,353330,386433,1074,31582,14675,526,27.87,2016-12-01,2021,February,61785.58,-1374.48,98637,62.6394%
34,Destiny 2,7879773,669141,48725,3560,48714,11743,997,11.78,2016-12-01,2021,February,59394.05,14529.12,131640,45.1185%
38,Sea of Thieves,6371289,442012,62017,1504,46006,9495,658,14.41,2016-12-01,2021,February,15068.31,-6486.87,27909,53.9909%
39,SMITE,6148540,263254,32803,809,20975,9163,392,23.36,2016-12-01,2021,February,15981.31,1197.26,27349,58.4347%
45,NBA 2K21,5018522,569698,55725,1873,56514,7479,849,8.81,2016-12-01,2021,February,13009.57,2567.95,22954,56.6767%
48,Phasmophobia,4551582,389312,127078,1489,75014,6783,580,11.69,2016-12-01,2021,February,13464.19,-6640.37,29465,45.6955%
54,Black Desert Online,3738973,142021,23690,413,7750,5572,211,26.33,2016-12-01,2021,February,15495.5,-1871.66,31685,48.9048%
57,FINAL FANTASY XIV Online,3542519,341041,149058,1578,23172,5279,508,10.39,2016-12-01,2021,February,18882.69,1965.47,31117,60.6829%
60,Bloons TD 6,3288484,55612,60468,173,10659,4900,82,59.13,2016-12-01,2021,February,15613.83,-4252.97,30405,51.3528%
61,DayZ,3259000,220244,21776,636,15926,4856,328,14.8,2016-12-01,2021,February,22224.47,-4111.56,38533,57.6765%
63,Fall Guys: Ultimate Knockout,3203127,174752,90057,485,36961,4773,260,18.33,2016-12-01,2021,February,9036.95,-1908.26,16645,54.2923%
65,Stardew Valley,2936151,234020,38244,643,30846,4375,348,12.55,2016-12-01,2021,February,38304.69,-18861.87,59709,64.1523%
68,World of Warships,2824319,71447,15909,222,4533,4209,106,39.53,2016-12-01,2021,February,11574.22,3519.22,353413,3.275%
72,RimWorld,2682212,40948,31519,139,3188,3997,61,65.5,2016-12-01,2021,February,18423.33,-238.01,26260,70.1574%
74,Street Fighter V,2621017,58800,80091,275,6016,3906,87,44.58,2016-12-01,2021,February,3044.38,769.18,8140,37.4002%
76,VRChat,2536536,97655,15110,432,10783,3780,145,25.97,2016-12-01,2021,February,14662.89,-247.23,24673,59.4289%
78,MapleStory,2311577,75930,17923,239,4500,3444,113,30.44,2016-12-01,2021,February,2179.46,-339.66,3486,62.5204%
82,The Elder Scrolls Online,2154523,115778,24024,314,8304,3210,172,18.61,2016-12-01,2021,February,19912.28,762.06,31886,62.4483%
84,Terraria,2078713,123196,265103,352,16843,3097,183,16.87,2016-12-01,2021,February,37535.76,3490.46,55078,68.1502%
89,Brawlhalla,1831704,102370,64576,302,20922,2729,152,17.89,2016-12-01,2021,February,16945.96,913.3,34169,49.5945%
98,Little Nightmares,1657923,88858,167445,311,22692,2470,132,18.66,2016-12-01,2021,February,1420.07,540.76,4331,32.7885%
99,Don't Starve Together,1652574,58179,11898,173,7575,2462,86,28.4,2016-12-01,2021,February,19482.79,-1324.11,40203,48.461%
103,The Elder Scrolls V: Skyrim,1578407,144049,21571,385,15531,2352,214,10.96,2016-12-01,2021,February,5996.39,-286.38,10565,56.7571%
104,Hunt: Showdown,1558365,127639,15080,424,9625,2322,190,12.21,2016-12-01,2021,February,7984.55,500.25,15859,50.3471%
105,Monster Hunter: World,1446242,125510,10045,284,13394,2155,187,11.52,2016-12-01,2021,February,23905.37,-6889.87,42501,56.2466%
116,Euro Truck Simulator 2,1266768,128869,18014,563,14176,1887,192,9.83,2016-12-01,2021,February,23637.94,-452.1,51888,45.5557%
119,Warframe,1241519,128364,77367,376,10538,1850,191,9.67,2016-12-01,2021,February,39209.96,3085.81,61032,64.2449%
123,RuneScape,1204025,48099,11971,130,3330,1794,71,25.03,2016-12-01,2021,February,6609.23,611.01,11196,59.0321%
126,Football Manager 2021,1186072,35315,17779,146,2647,1767,52,33.59,2016-12-01,2021,February,53572.39,-2410.35,91247,58.7114%
128,Knight Online,1137498,19169,9343,90,1022,1695,28,59.34,2016-12-01,2021,February,1905.4,120.45,3154,60.4122%
134,Undertale,1084629,26015,145487,87,5237,1616,38,41.69,2016-12-01,2021,February,1110.95,-292.91,1544,71.9527%
136,Cyberpunk 2077,1065782,138333,10938,455,15549,1588,206,7.7,2016-12-01,2021,February,24704.84,-57441.83,47115,52.4352%
137,Slay the Spire,1054926,21336,10390,67,3109,1572,31,49.44,2016-12-01,2021,February,7475.97,-628.48,10380,72.0228%
141,Farming Simulator 19,1018756,94302,22841,379,7917,1518,140,10.8,2016-12-01,2021,February,17830.03,-1168.31,36777,48.4815%
147,The Forest,989231,140607,42419,512,22350,1474,209,7.04,2016-12-01,2021,February,11746.37,-1812.9,31612,37.1579%
148,For The King,984284,37744,15511,198,5982,1466,56,26.08,2016-12-01,2021,February,3405.23,2106.17,8079,42.1492%
149,Dyson Sphere Program,979492,44594,11842,171,3376,1459,66,21.96,2016-12-01,2021,February,31810.51,6285.57,59243,53.695%
150,Paladins,966274,103530,10995,283,13735,1440,154,9.33,2016-12-01,2021,February,10083.53,57.97,18501,54.5026%
151,Mortal Kombat 11,957819,57812,22058,173,8128,1427,86,16.57,2017-01-01,2021,February,1992.87,-283.51,3528,56.4872%
154,Hades,928825,82026,13691,293,12981,1384,122,11.32,2017-01-01,2021,February,10849.07,-7926.41,16939,64.0479%
161,Hollow Knight,847552,97617,8155,262,12087,1263,145,8.68,2017-01-01,2021,February,4686.84,-1604.21,6538,71.6861%
163,Yu-Gi-Oh! Duel Links,830267,24971,7013,75,2686,1237,37,33.25,2017-01-01,2021,February,8718.71,-827.6,12586,69.2731%
166,War Thunder,812089,88999,15154,256,8391,1210,132,9.12,2017-01-01,2021,February,28602.47,1124.78,43065,66.417%
168,Gears 5,790910,80438,7692,318,8677,1178,119,9.83,2017-01-01,2021,February,602.56,-389.39,1062,56.7382%
169,7 Days to Die,786041,117774,4592,362,9989,1171,175,6.67,2017-01-01,2021,February,20527.75,-4838.93,31843,64.4655%
171,Eco,777870,17702,7898,74,1373,1159,26,43.94,2017-01-01,2021,February,2954.61,1133.33,5100,57.9335%
179,Raft,735188,68022,30894,223,11644,1095,101,10.81,2017-01-01,2021,February,8089.17,-4909.04,18015,44.9024%
183,Resident Evil 2,698444,64309,7393,205,9370,1040,95,10.86,2017-01-01,2021,February,1492.34,-64.83,2704,55.1901%
185,The Witcher 3: Wild Hunt,666938,70960,9912,226,8201,993,105,9.4,2017-01-01,2021,February,17799.54,-2902.9,38603,46.1092%
186,Green Hell,664863,30036,8658,175,4062,990,44,22.14,2017-01-01,2021,February,3843.81,811.21,10479,36.6811%
188,Metin2,659246,20829,4356,77,1642,982,31,31.65,2017-01-01,2021,February,672.23,-352.98,1423,47.2403%
190,Albion Online,644603,42837,2853,118,2706,960,63,15.05,2017-01-01,2021,February,8025.07,745.03,12360,64.9278%
192,Sid Meier's Civilization VI,631600,33025,16346,131,3848,941,49,19.12,2017-01-01,2021,February,41715.13,4983.63,68161,61.2009%
196,Subnautica,620721,63448,6780,191,8854,925,94,9.78,2017-01-01,2021,February,3039.09,-1040.61,4937,61.5574%
197,Cuphead,614312,32868,18368,114,7997,915,48,18.69,2017-01-01,2021,February,1023.95,-219.11,1720,59.532%
198,Graveyard Keeper,613821,6608,21608,33,772,914,9,92.89,2017-01-01,2021,February,869.89,-411.06,1894,45.9287%
199,Skul: The Hero Slayer,613499,30246,15343,166,4754,914,45,20.28,2017-01-01,2021,February,4875.68,836.97,14281,34.141%
